"","pt(i,t)","pt(i,t)","pt(i,t)","pt(i,t)","pt(i,t)","","","","","x: w/o MN","x: w/o MN","x: w/o MN","x: w/o MN","x: w/o MN","x: w/ MN","x: w/ MN","x: w/ MN","x: w/ MN","x: w/ MN"
"","0","1","2","3","4",">=1: no MHRC","Util: w/o MN","Util: w/ MN","Util_gap: =1: not equal","0","1","2","3","4","0","1","2","3","4","MN_lic: >=1: no MN","MN_lic2: >=1: no MN"
"1",0.00769,0.25168,0.30480,0.23214,0.20368,0.00,0.3371883857,0.3371883857,0.00,6.25,1.52,0.42,0.15,0.08,6.25,1.52,0.42,0.15,0.08,0.00,0.00
"2",0.21746,0.13427,0.25727,0.25894,0.13207,1.00,0.4570555465,0.4570555465,0.00,6.25,0.48,0.33,0.15,0.05,6.25,0.48,0.33,0.15,0.05,0.00,0.00
"3",0.36038,0.07713,0.05095,0.12925,0.38230,1.00,0.5634163211,0.5607984070,1.00,6.25,0.14,0.05,0.10,0.14,6.25,0.14,0.12,0.12,0.12,2.00,0.00
"4",0.13347,0.15024,0.10079,0.18434,0.43116,1.00,0.3766708047,0.3766708047,0.00,6.25,0.75,0.18,0.17,0.16,6.25,0.75,0.18,0.17,0.16,0.00,0.00
"5",0.31263,0.05037,0.05890,0.28053,0.29756,1.00,0.5207443977,0.5173869706,1.00,6.25,0.09,0.07,0.21,0.12,6.25,0.15,0.15,0.15,0.12,1.00,0.00
"6",0.31746,0.15181,0.16938,0.26673,0.09462,1.00,0.5401588083,0.5401588083,0.00,6.25,0.37,0.19,0.15,0.03,6.25,0.37,0.19,0.15,0.03,0.00,0.00
"7",0.36305,0.04869,0.01455,0.31834,0.25537,1.00,0.5756894297,0.5637292030,1.00,6.25,0.07,0.01,0.22,0.10,6.25,0.13,0.13,0.13,0.10,1.00,0.00
"8",0.34128,0.35144,0.02603,0.23497,0.04628,1.00,0.6194252206,0.6117679737,1.00,6.25,0.71,0.01,0.13,0.01,6.25,0.71,0.07,0.07,0.01,1.00,0.00
"9",0.06222,0.07412,0.48949,0.32165,0.05251,1.00,0.3675092058,0.3675092058,0.00,6.25,0.78,0.58,0.18,0.01,6.25,0.78,0.58,0.18,0.01,0.00,0.00
"10",0.17946,0.29424,0.07673,0.31887,0.13069,1.00,0.4593371556,0.4566023000,1.00,6.25,0.92,0.07,0.19,0.05,6.25,0.92,0.15,0.15,0.05,1.00,0.00
"11",0.03785,0.09394,0.19903,0.28479,0.38439,0.00,0.3058688620,0.3058688620,0.00,6.25,1.08,0.47,0.23,0.14,6.25,1.08,0.47,0.23,0.14,0.00,0.00
"12",0.05738,0.17141,0.16922,0.45009,0.15190,1.00,0.3452322866,0.3452322866,0.00,6.25,1.15,0.33,0.26,0.06,6.25,1.15,0.33,0.26,0.06,0.00,0.00
"13",0.27500,0.18435,0.29040,0.07373,0.17652,1.00,0.5183061346,0.5174300019,1.00,6.25,0.51,0.30,0.03,0.07,6.25,0.51,0.30,0.05,0.05,1.00,0.00
"14",0.21676,0.22061,0.28299,0.22357,0.05607,0.00,0.4831323119,0.4831323119,0.00,6.25,0.70,0.30,0.12,0.01,6.25,0.70,0.30,0.12,0.01,0.00,0.00
"15",0.02124,0.25090,0.36016,0.23310,0.13460,0.00,0.3549985209,0.3549985209,0.00,6.25,1.44,0.44,0.14,0.05,6.25,1.44,0.44,0.14,0.05,0.00,0.00
"16",0.07863,0.22704,0.23257,0.39783,0.06393,0.00,0.3835902350,0.3835902350,0.00,6.25,1.14,0.34,0.22,0.02,6.25,1.14,0.34,0.22,0.02,0.00,0.00
"17",0.33589,0.08306,0.10205,0.18909,0.28990,1.00,0.5386329274,0.5386021886,1.00,6.25,0.17,0.12,0.14,0.11,6.25,0.17,0.13,0.13,0.11,1.00,0.00
"18",0.24328,0.26459,0.19275,0.24878,0.05060,0.00,0.5084316651,0.5084316651,0.00,6.25,0.73,0.20,0.13,0.01,6.25,0.73,0.20,0.13,0.01,0.00,0.00
"19",0.21352,0.09581,0.26555,0.33251,0.09262,1.00,0.4552955534,0.4552907003,1.00,6.25,0.35,0.36,0.19,0.03,6.25,0.36,0.36,0.19,0.03,1.00,0.00
"20",0.21852,0.09145,0.25642,0.16828,0.26533,1.00,0.4465996654,0.4465646279,1.00,6.25,0.32,0.35,0.12,0.10,6.25,0.34,0.34,0.12,0.10,1.00,0.00
"21",0.20689,0.21139,0.31164,0.25763,0.01245,0.00,0.4843441023,0.4843441023,0.00,6.25,0.70,0.33,0.13,0.00,6.25,0.70,0.33,0.13,0.00,0.00,0.00
"22",0.19170,0.19245,0.23817,0.37356,0.00412,0.00,0.4668872820,0.4668872820,0.00,6.25,0.70,0.29,0.19,0.00,6.25,0.70,0.29,0.19,0.00,0.00,0.00
"23",0.08310,0.15539,0.37570,0.18001,0.20580,0.00,0.3691039810,0.3691039810,0.00,6.25,0.97,0.47,0.11,0.08,6.25,0.97,0.47,0.11,0.08,0.00,0.00
"24",0.01521,0.35928,0.05167,0.41248,0.16135,1.00,0.3674302746,0.3620402616,1.00,6.25,1.50,0.06,0.25,0.06,6.25,1.50,0.20,0.20,0.06,1.00,0.00
"25",0.24535,0.06468,0.24109,0.28545,0.16342,1.00,0.4713080770,0.4700416219,1.00,6.25,0.19,0.34,0.18,0.06,6.25,0.29,0.29,0.18,0.06,1.00,0.00
"26",0.04275,0.25588,0.14883,0.23177,0.32077,1.00,0.3433775831,0.3433775831,0.00,6.25,1.33,0.25,0.18,0.12,6.25,1.33,0.25,0.18,0.12,0.00,0.00
"27",0.05383,0.04250,0.45764,0.30385,0.14218,1.00,0.3430660581,0.3430615186,1.00,6.25,0.59,0.61,0.18,0.05,6.25,0.60,0.60,0.18,0.05,1.00,0.00
"28",0.18777,0.12332,0.08460,0.27846,0.32586,1.00,0.4161355614,0.4155168598,1.00,6.25,0.50,0.14,0.21,0.13,6.25,0.50,0.19,0.19,0.13,1.00,0.00
"29",0.35486,0.40074,0.12230,0.10114,0.02096,0.00,0.6443120721,0.6443120721,0.00,6.25,0.75,0.07,0.04,0.00,6.25,0.75,0.07,0.04,0.00,0.00,0.00
"30",0.15478,0.07774,0.27713,0.21532,0.27505,1.00,0.3953481535,0.3953185990,1.00,6.25,0.39,0.42,0.15,0.11,6.25,0.42,0.42,0.15,0.11,1.00,0.00
"31",0.03247,0.43084,0.04065,0.44270,0.05334,1.00,0.4142384291,0.4051235221,1.00,6.25,1.45,0.03,0.24,0.01,6.25,1.45,0.18,0.18,0.01,1.00,0.00
"32",0.16999,0.22325,0.11285,0.32598,0.16792,1.00,0.4297745420,0.4293381033,1.00,6.25,0.82,0.15,0.20,0.06,6.25,0.82,0.19,0.19,0.06,1.00,0.00
"33",0.33016,0.02080,0.28253,0.34033,0.02618,1.00,0.5707542015,0.5592914389,1.00,6.25,0.02,0.35,0.18,0.00,6.25,0.23,0.23,0.18,0.00,1.00,0.00
"34",0.02072,0.18624,0.29758,0.06014,0.43532,1.00,0.3293010452,0.3248359740,1.00,6.25,1.40,0.46,0.04,0.16,6.25,1.40,0.46,0.13,0.13,1.00,0.00
"35",0.03228,0.19404,0.37387,0.22508,0.17473,0.00,0.3466015640,0.3466015640,0.00,6.25,1.33,0.48,0.14,0.07,6.25,1.33,0.48,0.14,0.07,0.00,0.00
"36",0.15741,0.25235,0.12805,0.20659,0.25560,1.00,0.4222868116,0.4222868116,0.00,6.25,0.91,0.16,0.14,0.10,6.25,0.91,0.16,0.14,0.10,0.00,0.00
"37",0.04484,0.31847,0.14308,0.22331,0.27029,1.00,0.3627109723,0.3627109723,0.00,6.25,1.36,0.20,0.16,0.11,6.25,1.36,0.20,0.16,0.11,0.00,0.00
"38",0.25728,0.02543,0.15506,0.30502,0.25722,1.00,0.4753166876,0.4709292872,1.00,6.25,0.04,0.27,0.21,0.10,6.25,0.20,0.20,0.20,0.10,1.00,0.00
"39",0.28928,0.09364,0.13446,0.04629,0.43633,1.00,0.5038400786,0.4977864312,1.00,6.25,0.24,0.18,0.03,0.16,6.25,0.24,0.18,0.12,0.12,1.00,0.00
"40",0.17754,0.06666,0.20064,0.47672,0.07845,1.00,0.4259121301,0.4257658805,1.00,6.25,0.29,0.35,0.26,0.02,6.25,0.33,0.33,0.26,0.02,1.00,0.00
"41",0.16185,0.10151,0.04440,0.27123,0.42102,1.00,0.3924008308,0.3897558547,1.00,6.25,0.48,0.08,0.24,0.15,6.25,0.48,0.19,0.19,0.15,1.00,0.00
"42",0.17610,0.24794,0.23646,0.25520,0.08430,0.00,0.4512018032,0.4512018032,0.00,6.25,0.85,0.27,0.14,0.02,6.25,0.85,0.27,0.14,0.02,0.00,0.00
"43",0.00409,0.18690,0.26859,0.19415,0.34627,1.00,0.3120857826,0.3120857826,0.00,6.25,1.53,0.45,0.15,0.13,6.25,1.53,0.45,0.15,0.13,0.00,0.00
"44",0.04443,0.29958,0.21462,0.30438,0.13698,0.00,0.3684922731,0.3684922731,0.00,6.25,1.35,0.29,0.18,0.05,6.25,1.35,0.29,0.18,0.05,0.00,0.00
"45",0.24987,0.29469,0.10044,0.29971,0.05529,1.00,0.5206174792,0.5192264879,1.00,6.25,0.77,0.09,0.17,0.01,6.25,0.77,0.14,0.14,0.01,1.00,0.00
"46",0.19234,0.20664,0.25545,0.14462,0.20094,1.00,0.4477450575,0.4477450575,0.00,6.25,0.73,0.30,0.09,0.08,6.25,0.73,0.30,0.09,0.08,0.00,0.00
"47",0.48675,0.25233,0.13257,0.03530,0.09304,1.00,0.7174677738,0.7166769118,1.00,6.25,0.40,0.08,0.01,0.03,6.25,0.40,0.08,0.02,0.02,1.00,0.00
"48",0.22844,0.22463,0.29804,0.17294,0.07595,0.00,0.4924791459,0.4924791459,0.00,6.25,0.69,0.31,0.09,0.02,6.25,0.69,0.31,0.09,0.02,0.00,0.00
"49",0.06690,0.42463,0.06384,0.09569,0.34894,1.00,0.4128241208,0.4100902979,1.00,6.25,1.34,0.05,0.07,0.13,6.25,1.34,0.10,0.10,0.10,2.00,0.00
"50",0.16682,0.36201,0.06211,0.21091,0.19815,1.00,0.4652908315,0.4631312582,1.00,6.25,1.03,0.05,0.14,0.08,6.25,1.03,0.10,0.10,0.08,1.00,0.00
"51",0.33610,0.07114,0.05426,0.32309,0.21542,1.00,0.5453585453,0.5410036521,1.00,6.25,0.14,0.06,0.21,0.08,6.25,0.16,0.16,0.16,0.08,1.00,0.00
"52",0.15103,0.07232,0.28738,0.30838,0.18088,1.00,0.3978890994,0.3977710836,1.00,6.25,0.37,0.44,0.20,0.07,6.25,0.42,0.42,0.20,0.07,1.00,0.00
"53",0.10081,0.22353,0.04366,0.28641,0.34559,1.00,0.3756531304,0.3718421595,1.00,6.25,1.04,0.06,0.22,0.13,6.25,1.04,0.18,0.18,0.13,1.00,0.00
"54",0.12492,0.21734,0.46600,0.04777,0.14398,1.00,0.4369375999,0.4354870056,1.00,6.25,0.94,0.45,0.01,0.05,6.25,0.94,0.45,0.03,0.03,1.00,0.00
"55",0.16590,0.07076,0.29235,0.23362,0.23736,1.00,0.4064098141,0.4060951055,1.00,6.25,0.33,0.43,0.16,0.09,6.25,0.41,0.41,0.16,0.09,1.00,0.00
"56",0.48391,0.12724,0.04888,0.30722,0.03276,1.00,0.6998764462,0.6933652364,1.00,6.25,0.19,0.03,0.17,0.01,6.25,0.19,0.11,0.11,0.01,1.00,0.00
"57",0.29429,0.05217,0.52174,0.10470,0.02710,1.00,0.5658673450,0.5575482154,1.00,6.25,0.11,0.47,0.04,0.00,6.25,0.39,0.39,0.04,0.00,1.00,0.00
"58",0.30127,0.26333,0.25603,0.04984,0.12953,1.00,0.5596258085,0.5586121651,1.00,6.25,0.63,0.23,0.01,0.05,6.25,0.63,0.23,0.03,0.03,1.00,0.00
"59",0.24281,0.05631,0.14710,0.27996,0.27383,1.00,0.4584826450,0.4579964321,1.00,6.25,0.16,0.25,0.20,0.11,6.25,0.22,0.22,0.20,0.11,1.00,0.00
"60",0.19566,0.30721,0.19570,0.07174,0.22968,1.00,0.4750261831,0.4732351842,1.00,6.25,0.90,0.20,0.03,0.09,6.25,0.90,0.20,0.07,0.07,1.00,0.00
"61",0.28870,0.30221,0.05512,0.30407,0.04989,1.00,0.5583805356,0.5528867635,1.00,6.25,0.72,0.03,0.17,0.01,6.25,0.72,0.12,0.12,0.01,1.00,0.00
"62",0.22797,0.38110,0.11492,0.23715,0.03886,1.00,0.5292834881,0.5289389411,1.00,6.25,0.93,0.09,0.13,0.01,6.25,0.93,0.11,0.11,0.01,1.00,0.00
"63",0.19007,0.13601,0.23584,0.20723,0.23085,1.00,0.4281230201,0.4281230201,0.00,6.25,0.54,0.33,0.14,0.09,6.25,0.54,0.33,0.14,0.09,0.00,0.00
"64",0.22088,0.19116,0.23635,0.11538,0.23623,1.00,0.4649704846,0.4646997586,1.00,6.25,0.63,0.28,0.07,0.09,6.25,0.63,0.28,0.08,0.08,1.00,0.00
"65",0.00834,0.25062,0.42727,0.03412,0.27966,1.00,0.3605136318,0.3544432530,1.00,6.25,1.51,0.48,0.01,0.11,6.25,1.51,0.48,0.07,0.07,1.00,0.00
"66",0.05866,0.00421,0.49883,0.23937,0.19893,1.00,0.3478163470,0.3425011359,1.00,6.25,0.02,0.64,0.16,0.08,6.25,0.60,0.60,0.16,0.08,1.00,0.00
"67",0.09722,0.36670,0.09931,0.19528,0.24149,1.00,0.4126077042,0.4124726489,1.00,6.25,1.22,0.11,0.13,0.09,6.25,1.22,0.12,0.12,0.09,1.00,0.00
"68",0.04872,0.19205,0.15498,0.31638,0.28787,1.00,0.3334246419,0.3334246419,0.00,6.25,1.23,0.30,0.23,0.11,6.25,1.23,0.30,0.23,0.11,0.00,0.00
"69",0.02884,0.34834,0.30363,0.13500,0.18419,1.00,0.3776536662,0.3776536662,0.00,6.25,1.44,0.35,0.08,0.07,6.25,1.44,0.35,0.08,0.07,0.00,0.00
"70",0.05336,0.30823,0.39795,0.06201,0.17845,1.00,0.3992564735,0.3978184958,1.00,6.25,1.32,0.41,0.02,0.07,6.25,1.32,0.41,0.05,0.05,1.00,0.00
"71",0.06009,0.12804,0.51063,0.25076,0.05048,1.00,0.3782527228,0.3782527228,0.00,6.25,1.03,0.55,0.14,0.01,6.25,1.03,0.55,0.14,0.01,0.00,0.00
"72",0.02984,0.24669,0.25475,0.34524,0.12348,0.00,0.3513029991,0.3513029991,0.00,6.25,1.39,0.37,0.20,0.04,6.25,1.39,0.37,0.20,0.04,0.00,0.00
"73",0.24598,0.18871,0.09319,0.07374,0.39837,1.00,0.4788355167,0.4755946322,1.00,6.25,0.57,0.11,0.05,0.15,6.25,0.57,0.12,0.12,0.12,1.00,0.00
"74",0.27328,0.01457,0.23641,0.26906,0.20669,1.00,0.4983100741,0.4879581490,1.00,6.25,0.01,0.35,0.18,0.08,6.25,0.23,0.23,0.18,0.08,1.00,0.00
"75",0.16947,0.20919,0.28261,0.18854,0.15019,0.00,0.4352933294,0.4352933294,0.00,6.25,0.79,0.33,0.11,0.06,6.25,0.79,0.33,0.11,0.06,0.00,0.00
"76",0.19175,0.21390,0.23436,0.16462,0.19537,0.00,0.4467911714,0.4467911714,0.00,6.25,0.74,0.28,0.10,0.08,6.25,0.74,0.28,0.10,0.08,0.00,0.00
"77",0.05137,0.19775,0.37028,0.34357,0.03703,0.00,0.3751191557,0.3751191557,0.00,6.25,1.22,0.46,0.19,0.01,6.25,1.22,0.46,0.19,0.01,0.00,0.00
"78",0.26261,0.04692,0.20227,0.13970,0.34849,1.00,0.4779987291,0.4752413837,1.00,6.25,0.11,0.30,0.11,0.13,6.25,0.24,0.24,0.12,0.12,2.00,0.00
"79",0.22362,0.22282,0.17134,0.23119,0.15102,0.00,0.4715546226,0.4715546226,0.00,6.25,0.69,0.20,0.14,0.06,6.25,0.69,0.20,0.14,0.06,0.00,0.00
"80",0.27321,0.19487,0.23320,0.01684,0.28188,1.00,0.5184718374,0.5098412022,1.00,6.25,0.54,0.25,0.00,0.11,6.25,0.54,0.25,0.07,0.07,1.00,0.00
"81",0.27596,0.05973,0.24326,0.04528,0.37577,1.00,0.4995393432,0.4914120121,1.00,6.25,0.14,0.33,0.02,0.14,6.25,0.27,0.27,0.10,0.10,2.00,0.00
"82",0.33545,0.34065,0.07399,0.10403,0.14588,1.00,0.5979980515,0.5979297496,1.00,6.25,0.70,0.04,0.05,0.05,6.25,0.70,0.05,0.05,0.05,2.00,0.00
"83",0.22681,0.38636,0.13142,0.11129,0.14412,1.00,0.5211065589,0.5211065589,0.00,6.25,0.93,0.11,0.05,0.05,6.25,0.93,0.11,0.05,0.05,0.00,0.00
"84",0.34115,0.37035,0.06806,0.15233,0.06811,1.00,0.6166802262,0.6158179137,1.00,6.25,0.73,0.03,0.08,0.02,6.25,0.73,0.06,0.06,0.02,1.00,0.00
"85",0.05036,0.36116,0.09742,0.19057,0.30049,1.00,0.3777878598,0.3777131594,1.00,6.25,1.37,0.12,0.14,0.12,6.25,1.37,0.13,0.13,0.12,1.00,0.00
"86",0.26527,0.24536,0.03393,0.38920,0.06624,1.00,0.5279247832,0.5179352776,1.00,6.25,0.66,0.02,0.21,0.02,6.25,0.66,0.15,0.15,0.02,1.00,0.00
"87",0.11397,0.28193,0.05036,0.30998,0.24376,1.00,0.4036730652,0.3993260062,1.00,6.25,1.08,0.05,0.21,0.10,6.25,1.08,0.16,0.16,0.10,1.00,0.00
"88",0.21161,0.10669,0.19246,0.28806,0.20118,1.00,0.4400897709,0.4400897709,0.00,6.25,0.39,0.29,0.19,0.08,6.25,0.39,0.29,0.19,0.08,0.00,0.00
"89",0.18014,0.00867,0.28236,0.22478,0.30405,1.00,0.4200867918,0.4092471660,1.00,6.25,0.01,0.46,0.17,0.12,6.25,0.35,0.35,0.17,0.12,1.00,0.00
"90",0.13715,0.24055,0.51812,0.08637,0.01781,0.00,0.4699915847,0.4699915847,0.00,6.25,0.95,0.45,0.03,0.00,6.25,0.95,0.45,0.03,0.00,0.00,0.00
"91",0.03357,0.06401,0.44797,0.40704,0.04741,1.00,0.3453135004,0.3453135004,0.00,6.25,0.98,0.60,0.22,0.01,6.25,0.98,0.60,0.22,0.01,0.00,0.00
"92",0.21057,0.00530,0.31192,0.29360,0.17861,1.00,0.4555359414,0.4414001307,1.00,6.25,0.00,0.46,0.19,0.07,6.25,0.33,0.33,0.19,0.07,1.00,0.00
"93",0.30349,0.23082,0.34712,0.09457,0.02400,0.00,0.5715216018,0.5715216018,0.00,6.25,0.57,0.30,0.04,0.00,6.25,0.57,0.30,0.04,0.00,0.00,0.00
"94",0.03017,0.25329,0.31410,0.20044,0.20199,0.00,0.3518332603,0.3518332603,0.00,6.25,1.39,0.41,0.13,0.08,6.25,1.39,0.41,0.13,0.08,0.00,0.00
"95",0.12648,0.24003,0.21238,0.15793,0.26317,1.00,0.4009479746,0.4009479746,0.00,6.25,0.98,0.28,0.11,0.10,6.25,0.98,0.28,0.11,0.10,0.00,0.00
"96",0.19082,0.03446,0.15475,0.29962,0.32035,1.00,0.4149745658,0.4129884455,1.00,6.25,0.11,0.31,0.23,0.12,6.25,0.25,0.25,0.23,0.12,1.00,0.00
"97",0.04986,0.47765,0.31354,0.08913,0.06983,0.00,0.4428003768,0.4428003768,0.00,6.25,1.41,0.29,0.03,0.02,6.25,1.41,0.29,0.03,0.02,0.00,0.00
"98",0.22572,0.17169,0.02060,0.24686,0.33512,1.00,0.4622375339,0.4548370053,1.00,6.25,0.57,0.01,0.19,0.13,6.25,0.57,0.13,0.13,0.13,1.00,0.00
"99",0.08620,0.16803,0.27918,0.30951,0.15707,0.00,0.3671100437,0.3671100437,0.00,6.25,0.99,0.41,0.19,0.06,6.25,0.99,0.41,0.19,0.06,0.00,0.00
"100",0.04014,0.20555,0.36891,0.13378,0.25163,1.00,0.3519020457,0.3518272631,1.00,6.25,1.30,0.47,0.08,0.10,6.25,1.30,0.47,0.09,0.09,1.00,0.00
"101",0.21113,0.05005,0.03900,0.39742,0.30241,1.00,0.4351965479,0.4303313074,1.00,6.25,0.16,0.07,0.28,0.12,6.25,0.22,0.22,0.22,0.12,1.00,0.00
"102",0.23668,0.21582,0.31212,0.21763,0.01775,0.00,0.5072185683,0.5072185683,0.00,6.25,0.65,0.32,0.11,0.00,6.25,0.65,0.32,0.11,0.00,0.00,0.00
"103",0.22914,0.33290,0.01944,0.09945,0.31908,1.00,0.5105049132,0.5030713085,1.00,6.25,0.86,0.01,0.06,0.12,6.25,0.86,0.08,0.08,0.08,2.00,0.00
"104",0.22891,0.25407,0.11412,0.15610,0.24679,1.00,0.4785916585,0.4785916585,0.00,6.25,0.74,0.12,0.10,0.10,6.25,0.74,0.12,0.10,0.10,0.00,0.00
"105",0.08935,0.32234,0.11902,0.18891,0.28037,1.00,0.3926598389,0.3926598389,0.00,6.25,1.21,0.15,0.13,0.11,6.25,1.21,0.15,0.13,0.11,0.00,0.00
"106",0.12958,0.34540,0.13935,0.18024,0.20542,1.00,0.4303026918,0.4303026918,0.00,6.25,1.11,0.15,0.11,0.08,6.25,1.11,0.15,0.11,0.08,0.00,0.00
"107",0.23885,0.38351,0.02490,0.01134,0.34140,1.00,0.5442662071,0.5288055550,1.00,6.25,0.91,0.01,0.00,0.13,6.25,0.91,0.06,0.06,0.06,1.00,0.00
"108",0.02090,0.31700,0.17534,0.23435,0.25242,0.00,0.3493607033,0.3493607033,0.00,6.25,1.46,0.26,0.16,0.10,6.25,1.46,0.26,0.16,0.10,0.00,0.00
"109",0.09471,0.30757,0.00676,0.26391,0.32705,1.00,0.4024743023,0.3914233820,1.00,6.25,1.17,0.00,0.20,0.13,6.25,1.17,0.13,0.13,0.13,1.00,0.00
"110",0.34921,0.23950,0.02158,0.33627,0.05344,1.00,0.5992037810,0.5873837192,1.00,6.25,0.52,0.01,0.18,0.01,6.25,0.52,0.12,0.12,0.01,1.00,0.00
"111",0.02673,0.41113,0.12717,0.43314,0.00183,1.00,0.4090151337,0.4081770522,1.00,6.25,1.47,0.15,0.22,0.00,6.25,1.47,0.20,0.20,0.00,1.00,0.00
"112",0.09328,0.22751,0.31169,0.21620,0.15133,0.00,0.3881496067,0.3881496067,0.00,6.25,1.08,0.38,0.13,0.06,6.25,1.08,0.38,0.13,0.06,0.00,0.00
"113",0.12950,0.27089,0.20309,0.33946,0.05705,1.00,0.4263416239,0.4263416239,0.00,6.25,1.02,0.25,0.19,0.01,6.25,1.02,0.25,0.19,0.01,0.00,0.00
"114",0.34157,0.26795,0.02326,0.23746,0.12976,1.00,0.5886285742,0.5806620591,1.00,6.25,0.58,0.01,0.14,0.05,6.25,0.58,0.08,0.08,0.05,1.00,0.00
"115",0.25843,0.12249,0.03601,0.12049,0.46258,1.00,0.4776389725,0.4733329180,1.00,6.25,0.37,0.03,0.11,0.16,6.25,0.37,0.13,0.13,0.13,2.00,0.00
"116",0.24612,0.34906,0.04239,0.30771,0.05472,1.00,0.5384761188,0.5311582870,1.00,6.25,0.85,0.02,0.17,0.01,6.25,0.85,0.11,0.11,0.01,1.00,0.00
"117",0.32733,0.09643,0.13598,0.13668,0.30358,1.00,0.5324254459,0.5322555951,1.00,6.25,0.21,0.17,0.10,0.12,6.25,0.21,0.17,0.11,0.11,1.00,0.00
"118",0.02058,0.12980,0.28455,0.28220,0.28288,0.00,0.3122761498,0.3122761498,0.00,6.25,1.34,0.50,0.20,0.11,6.25,1.34,0.50,0.20,0.11,0.00,0.00
"119",0.14510,0.00269,0.28262,0.23544,0.33415,1.00,0.3919390806,0.3803808806,1.00,6.25,0.00,0.50,0.18,0.13,6.25,0.39,0.39,0.18,0.13,1.00,0.00
"120",0.12896,0.07856,0.03013,0.40447,0.35787,1.00,0.3680298423,0.3636496771,1.00,6.25,0.47,0.06,0.30,0.14,6.25,0.47,0.25,0.25,0.14,1.00,0.00
"121",0.27642,0.06421,0.19907,0.19051,0.26980,1.00,0.4896840089,0.4886660107,1.00,6.25,0.16,0.28,0.13,0.11,6.25,0.24,0.24,0.13,0.11,1.00,0.00
"122",0.40949,0.08835,0.14531,0.04858,0.30826,1.00,0.6134942986,0.6086064435,1.00,6.25,0.14,0.15,0.02,0.12,6.25,0.15,0.15,0.08,0.08,2.00,0.00
"123",0.18002,0.25431,0.18398,0.24335,0.13834,0.00,0.4472281957,0.4472281957,0.00,6.25,0.85,0.22,0.15,0.05,6.25,0.85,0.22,0.15,0.05,0.00,0.00
"124",0.53542,0.01036,0.14138,0.23318,0.07966,1.00,0.7432442176,0.7341566127,1.00,6.25,0.00,0.13,0.13,0.02,6.25,0.09,0.09,0.09,0.02,1.00,0.00
"125",0.17646,0.25011,0.10777,0.07724,0.38842,1.00,0.4381822226,0.4352811043,1.00,6.25,0.85,0.13,0.05,0.14,6.25,0.85,0.13,0.12,0.12,1.00,0.00
"126",0.05615,0.05997,0.36982,0.40292,0.11114,1.00,0.3426392133,0.3426392133,0.00,6.25,0.72,0.57,0.23,0.04,6.25,0.72,0.57,0.23,0.04,0.00,0.00
"127",0.27434,0.15278,0.14337,0.17995,0.24956,1.00,0.4935418938,0.4935418938,0.00,6.25,0.43,0.17,0.12,0.10,6.25,0.43,0.17,0.12,0.10,0.00,0.00
"128",0.23617,0.08292,0.23857,0.30562,0.13672,1.00,0.4660361331,0.4658226297,1.00,6.25,0.27,0.33,0.18,0.05,6.25,0.31,0.31,0.18,0.05,1.00,0.00
"129",0.21951,0.06887,0.11735,0.46304,0.13123,1.00,0.4506740426,0.4503543385,1.00,6.25,0.23,0.21,0.26,0.05,6.25,0.25,0.25,0.25,0.05,1.00,0.00
"130",0.35375,0.29373,0.11615,0.11188,0.12449,0.00,0.5995541171,0.5995541171,0.00,6.25,0.61,0.09,0.05,0.04,6.25,0.61,0.09,0.05,0.04,0.00,0.00
"131",0.06064,0.25014,0.30126,0.35864,0.02932,0.00,0.3881644417,0.3881644417,0.00,6.25,1.24,0.38,0.19,0.00,6.25,1.24,0.38,0.19,0.00,0.00,0.00
"132",0.20287,0.25179,0.14407,0.18154,0.21973,0.00,0.4582325739,0.4582325739,0.00,6.25,0.79,0.16,0.12,0.09,6.25,0.79,0.16,0.12,0.09,0.00,0.00
"133",0.27940,0.14147,0.07558,0.30844,0.19511,1.00,0.5002195823,0.4979875060,1.00,6.25,0.40,0.09,0.20,0.08,6.25,0.40,0.16,0.16,0.08,1.00,0.00
"134",0.00109,0.12117,0.06794,0.54983,0.25997,1.00,0.2940070860,0.2938375239,1.00,6.25,1.55,0.27,0.33,0.10,6.25,1.55,0.32,0.32,0.10,1.00,0.00
"135",0.00339,0.29843,0.31338,0.03568,0.34912,1.00,0.3542206437,0.3472219231,1.00,6.25,1.54,0.40,0.01,0.13,6.25,1.54,0.40,0.09,0.09,1.00,0.00
"136",0.04346,0.09318,0.12534,0.37033,0.36769,1.00,0.3065921883,0.3065921883,0.00,6.25,1.03,0.37,0.28,0.14,6.25,1.03,0.37,0.28,0.14,0.00,0.00
"137",0.04551,0.04812,0.25888,0.31860,0.32890,1.00,0.3099481757,0.3099481757,0.00,6.25,0.72,0.55,0.24,0.13,6.25,0.72,0.55,0.24,0.13,0.00,0.00
"138",0.27055,0.24119,0.22379,0.03014,0.23433,1.00,0.5244298280,0.5189732463,1.00,6.25,0.64,0.22,0.01,0.09,6.25,0.64,0.22,0.06,0.06,1.00,0.00
"139",0.24126,0.18585,0.29855,0.01995,0.25439,1.00,0.4969565353,0.4895696561,1.00,6.25,0.57,0.32,0.00,0.10,6.25,0.57,0.32,0.06,0.06,1.00,0.00
"140",0.17872,0.27922,0.16517,0.16731,0.20959,0.00,0.4483069261,0.4483069261,0.00,6.25,0.90,0.19,0.10,0.08,6.25,0.90,0.19,0.10,0.08,0.00,0.00
"141",0.14814,0.35532,0.10736,0.03012,0.35906,1.00,0.4540937347,0.4461640474,1.00,6.25,1.07,0.11,0.01,0.14,6.25,1.07,0.11,0.09,0.09,1.00,0.00
"142",0.24820,0.24264,0.21617,0.07623,0.21676,1.00,0.5004848531,0.4991212831,1.00,6.25,0.68,0.22,0.04,0.08,6.25,0.68,0.22,0.06,0.06,1.00,0.00
"143",0.18426,0.19250,0.09602,0.25525,0.27197,1.00,0.4278306377,0.4274286198,1.00,6.25,0.71,0.13,0.18,0.11,6.25,0.71,0.17,0.17,0.11,1.00,0.00
"144",0.21401,0.25240,0.27972,0.19726,0.05660,0.00,0.4881606045,0.4881606045,0.00,6.25,0.77,0.29,0.10,0.01,6.25,0.77,0.29,0.10,0.01,0.00,0.00
"145",0.25666,0.27922,0.15503,0.01975,0.28935,1.00,0.5195407307,0.5111957887,1.00,6.25,0.73,0.15,0.00,0.11,6.25,0.73,0.15,0.07,0.07,1.00,0.00
"146",0.09006,0.30201,0.18082,0.02285,0.40426,1.00,0.3996149018,0.3900669619,1.00,6.25,1.18,0.23,0.01,0.15,6.25,1.18,0.23,0.11,0.11,1.00,0.00
"147",0.32878,0.12719,0.14976,0.14549,0.24878,1.00,0.5376765086,0.5376720110,1.00,6.25,0.30,0.17,0.09,0.10,6.25,0.30,0.17,0.10,0.10,1.00,0.00
"148",0.10436,0.00287,0.38130,0.11011,0.40137,1.00,0.3694001632,0.3584934114,1.00,6.25,0.00,0.58,0.09,0.15,6.25,0.50,0.50,0.13,0.13,2.00,0.00
"149",0.25778,0.29080,0.03249,0.26728,0.15164,1.00,0.5222067670,0.5149690418,1.00,6.25,0.75,0.02,0.16,0.06,6.25,0.75,0.11,0.11,0.06,1.00,0.00
"150",0.16011,0.19487,0.22754,0.21517,0.20232,0.00,0.4172191435,0.4172191435,0.00,6.25,0.78,0.30,0.14,0.08,6.25,0.78,0.30,0.14,0.08,0.00,0.00
"151",0.16980,0.37823,0.03973,0.12390,0.28834,1.00,0.4742389697,0.4707151710,1.00,6.25,1.04,0.02,0.08,0.11,6.25,1.04,0.08,0.08,0.08,2.00,0.00
"152",0.25446,0.26155,0.15423,0.08693,0.24284,1.00,0.5050927471,0.5038947467,1.00,6.25,0.71,0.16,0.05,0.09,6.25,0.71,0.16,0.08,0.08,1.00,0.00
"153",0.03534,0.23958,0.17594,0.28088,0.26826,0.00,0.3378591989,0.3378591989,0.00,6.25,1.36,0.30,0.20,0.10,6.25,1.36,0.30,0.20,0.10,0.00,0.00
"154",0.41955,0.30872,0.11532,0.10722,0.04918,0.00,0.6686216069,0.6686216069,0.00,6.25,0.55,0.07,0.04,0.01,6.25,0.55,0.07,0.04,0.01,0.00,0.00
"155",0.26007,0.33418,0.05339,0.32286,0.02952,1.00,0.5483303174,0.5421080758,1.00,6.25,0.81,0.03,0.17,0.00,6.25,0.81,0.12,0.12,0.00,1.00,0.00
"156",0.13555,0.28885,0.13993,0.08762,0.34805,1.00,0.4184439087,0.4163992924,1.00,6.25,1.03,0.17,0.06,0.13,6.25,1.03,0.17,0.11,0.11,1.00,0.00
"157",0.06145,0.21648,0.15030,0.22018,0.35159,1.00,0.3445502642,0.3445502642,0.00,6.25,1.20,0.27,0.18,0.13,6.25,1.20,0.27,0.18,0.13,0.00,0.00
"158",0.16378,0.33073,0.19469,0.10639,0.20441,1.00,0.4557611443,0.4555108708,1.00,6.25,1.00,0.20,0.06,0.08,6.25,1.00,0.20,0.07,0.07,1.00,0.00
"159",0.13190,0.19992,0.26503,0.31474,0.08841,0.00,0.4106837080,0.4106837080,0.00,6.25,0.88,0.35,0.18,0.03,6.25,0.88,0.35,0.18,0.03,0.00,0.00
"160",0.08989,0.29471,0.29625,0.25616,0.06299,0.00,0.4103935874,0.4103935874,0.00,6.25,1.18,0.34,0.14,0.02,6.25,1.18,0.34,0.14,0.02,0.00,0.00
"161",0.25048,0.28783,0.24714,0.21260,0.00196,0.00,0.5326435566,0.5326435566,0.00,6.25,0.76,0.23,0.11,0.00,6.25,0.76,0.23,0.11,0.00,0.00,0.00
"162",0.27734,0.26366,0.13958,0.23493,0.08450,1.00,0.5292832748,0.5292832748,0.00,6.25,0.67,0.13,0.13,0.02,6.25,0.67,0.13,0.13,0.02,0.00,0.00
"163",0.17785,0.38895,0.01896,0.00174,0.41250,1.00,0.5011612194,0.4808426148,1.00,6.25,1.04,0.01,0.00,0.15,6.25,1.04,0.08,0.08,0.08,1.00,0.00
"164",0.20158,0.04028,0.15654,0.30911,0.29250,1.00,0.4245515371,0.4230441856,1.00,6.25,0.13,0.30,0.22,0.11,6.25,0.25,0.25,0.22,0.11,1.00,0.00
"165",0.09407,0.17087,0.10740,0.17812,0.44953,1.00,0.3527203055,0.3527203055,0.00,6.25,0.96,0.21,0.17,0.16,6.25,0.96,0.21,0.17,0.16,0.00,0.00
"166",0.38399,0.06012,0.08814,0.37639,0.09135,1.00,0.5971922047,0.5934759853,1.00,6.25,0.09,0.10,0.21,0.03,6.25,0.16,0.16,0.16,0.03,2.00,0.00
"167",0.21516,0.23694,0.29427,0.08595,0.16768,1.00,0.4813874184,0.4810053901,1.00,6.25,0.74,0.30,0.04,0.06,6.25,0.74,0.30,0.05,0.05,1.00,0.00
"168",0.09469,0.02670,0.35566,0.35303,0.16992,1.00,0.3613814241,0.3590515777,1.00,6.25,0.20,0.56,0.22,0.06,6.25,0.51,0.51,0.22,0.06,1.00,0.00
"169",0.10902,0.12315,0.26233,0.23093,0.27456,1.00,0.3659456836,0.3659456836,0.00,6.25,0.75,0.41,0.17,0.11,6.25,0.75,0.41,0.17,0.11,0.00,0.00
"170",0.08038,0.02481,0.16257,0.56112,0.17111,1.00,0.3405042210,0.3395783362,1.00,6.25,0.23,0.47,0.31,0.06,6.25,0.42,0.42,0.31,0.06,1.00,0.00
"171",0.35105,0.06910,0.32380,0.02484,0.23121,1.00,0.5808253031,0.5710150259,1.00,6.25,0.12,0.34,0.01,0.09,6.25,0.27,0.27,0.05,0.05,2.00,0.00
"172",0.26595,0.10317,0.26946,0.08537,0.27605,1.00,0.4922539991,0.4905841429,1.00,6.25,0.30,0.33,0.05,0.11,6.25,0.32,0.32,0.09,0.09,2.00,0.00
"173",0.19193,0.24904,0.32068,0.20274,0.03560,0.00,0.4779525395,0.4779525395,0.00,6.25,0.81,0.33,0.10,0.01,6.25,0.81,0.33,0.10,0.01,0.00,0.00
"174",0.19435,0.24870,0.19488,0.24317,0.11890,0.00,0.4587687719,0.4587687719,0.00,6.25,0.81,0.22,0.14,0.04,6.25,0.81,0.22,0.14,0.04,0.00,0.00
"175",0.28154,0.31267,0.19943,0.04972,0.15664,1.00,0.5503355114,0.5486908370,1.00,6.25,0.74,0.17,0.02,0.06,6.25,0.74,0.17,0.04,0.04,1.00,0.00
"176",0.16583,0.25734,0.16976,0.15366,0.25341,1.00,0.4318658577,0.4318658577,0.00,6.25,0.89,0.21,0.10,0.10,6.25,0.89,0.21,0.10,0.10,0.00,0.00
"177",0.24188,0.35920,0.16602,0.02288,0.21002,1.00,0.5323723705,0.5267715080,1.00,6.25,0.87,0.14,0.00,0.08,6.25,0.87,0.14,0.05,0.05,1.00,0.00
"178",0.30358,0.16280,0.04618,0.19393,0.29352,1.00,0.5225576151,0.5196406639,1.00,6.25,0.42,0.04,0.14,0.11,6.25,0.42,0.11,0.11,0.11,1.00,0.00
"179",0.15291,0.01425,0.29136,0.25475,0.28674,1.00,0.3972161625,0.3893923227,1.00,6.25,0.04,0.49,0.19,0.11,6.25,0.39,0.39,0.19,0.11,1.00,0.00
"180",0.30381,0.25221,0.23637,0.17780,0.02981,0.00,0.5606150631,0.5606150631,0.00,6.25,0.61,0.22,0.09,0.00,6.25,0.61,0.22,0.09,0.00,0.00,0.00
"181",0.13716,0.21987,0.24087,0.14607,0.25603,1.00,0.4064153457,0.4064073444,1.00,6.25,0.91,0.31,0.10,0.10,6.25,0.91,0.31,0.10,0.10,1.00,0.00
"182",0.15526,0.20001,0.38377,0.18222,0.07875,0.00,0.4404891401,0.4404891401,0.00,6.25,0.81,0.41,0.10,0.02,6.25,0.81,0.41,0.10,0.02,0.00,0.00
"183",0.16228,0.28507,0.29956,0.01936,0.23372,1.00,0.4607366512,0.4538948590,1.00,6.25,0.95,0.31,0.00,0.09,6.25,0.95,0.31,0.05,0.05,1.00,0.00
"184",0.00448,0.27759,0.30977,0.15893,0.24923,1.00,0.3413214247,0.3413214247,0.00,6.25,1.54,0.41,0.10,0.10,6.25,1.54,0.41,0.10,0.10,0.00,0.00
"185",0.28688,0.13665,0.13768,0.26793,0.17086,1.00,0.5052239152,0.5052239152,0.00,6.25,0.37,0.17,0.17,0.06,6.25,0.37,0.17,0.17,0.06,0.00,0.00
"186",0.09346,0.11662,0.45313,0.09404,0.24275,1.00,0.3803992258,0.3794907929,1.00,6.25,0.80,0.52,0.05,0.09,6.25,0.80,0.52,0.08,0.08,1.00,0.00
"187",0.22743,0.29438,0.20321,0.13916,0.13583,0.00,0.4964527280,0.4964527280,0.00,6.25,0.81,0.20,0.07,0.05,6.25,0.81,0.20,0.07,0.05,0.00,0.00
"188",0.19248,0.42044,0.10050,0.08784,0.19875,1.00,0.5047961829,0.5041305149,1.00,6.25,1.03,0.08,0.04,0.08,6.25,1.03,0.08,0.06,0.06,1.00,0.00
"189",0.25811,0.19189,0.20601,0.29588,0.04810,0.00,0.5059319799,0.5059319799,0.00,6.25,0.56,0.23,0.16,0.01,6.25,0.56,0.23,0.16,0.01,0.00,0.00
"190",0.48457,0.00703,0.26261,0.02245,0.22334,1.00,0.7068969535,0.6844165460,1.00,6.25,0.00,0.26,0.00,0.09,6.25,0.14,0.14,0.05,0.05,2.00,0.00
"191",0.06897,0.02216,0.28948,0.59414,0.02525,1.00,0.3615564728,0.3601317653,1.00,6.25,0.24,0.57,0.29,0.00,6.25,0.53,0.53,0.29,0.00,1.00,0.00
"192",0.42919,0.28630,0.13523,0.02745,0.12182,1.00,0.6726049294,0.6705303243,1.00,6.25,0.51,0.09,0.01,0.04,6.25,0.51,0.09,0.02,0.02,1.00,0.00
"193",0.06778,0.28701,0.20456,0.22085,0.21980,0.00,0.3735668976,0.3735668976,0.00,6.25,1.25,0.28,0.15,0.09,6.25,1.25,0.28,0.15,0.09,0.00,0.00
"194",0.28165,0.17864,0.16473,0.14720,0.22778,1.00,0.5062837617,0.5062837617,0.00,6.25,0.49,0.19,0.09,0.09,6.25,0.49,0.19,0.09,0.09,0.00,0.00
"195",0.01445,0.18405,0.35523,0.21405,0.23221,0.00,0.3290910394,0.3290910394,0.00,6.25,1.45,0.49,0.14,0.09,6.25,1.45,0.49,0.14,0.09,0.00,0.00
"196",0.16543,0.37272,0.15377,0.00637,0.30171,1.00,0.4786338565,0.4675736463,1.00,6.25,1.05,0.15,0.00,0.12,6.25,1.05,0.15,0.07,0.07,1.00,0.00
"197",0.14173,0.27403,0.20250,0.30588,0.07586,1.00,0.4323535265,0.4323535265,0.00,6.25,0.99,0.24,0.17,0.02,6.25,0.99,0.24,0.17,0.02,0.00,0.00
"198",0.19705,0.11231,0.25034,0.16422,0.27608,1.00,0.4305650560,0.4305650560,0.00,6.25,0.44,0.35,0.11,0.11,6.25,0.44,0.35,0.11,0.11,0.00,0.00
"199",0.16469,0.19151,0.24091,0.06979,0.33310,1.00,0.4232155840,0.4200384399,1.00,6.25,0.76,0.31,0.04,0.13,6.25,0.76,0.31,0.10,0.10,1.00,0.00
"200",0.12767,0.23526,0.16309,0.28377,0.19021,1.00,0.4005391722,0.4005391722,0.00,6.25,0.97,0.23,0.18,0.07,6.25,0.97,0.23,0.18,0.07,0.00,0.00
"201",0.24929,0.07177,0.25380,0.25184,0.17330,1.00,0.4746640309,0.4736984465,1.00,6.25,0.21,0.34,0.16,0.07,6.25,0.30,0.30,0.16,0.07,1.00,0.00
"202",0.21230,0.27205,0.13438,0.19248,0.18879,1.00,0.4718496419,0.4718496419,0.00,6.25,0.81,0.14,0.12,0.07,6.25,0.81,0.14,0.12,0.07,0.00,0.00
"203",0.26102,0.15005,0.18070,0.16037,0.24787,1.00,0.4838784057,0.4838784057,0.00,6.25,0.45,0.22,0.11,0.10,6.25,0.45,0.22,0.11,0.10,0.00,0.00
"204",0.44827,0.16214,0.00500,0.18918,0.19541,1.00,0.6623175107,0.6530765966,1.00,6.25,0.28,0.00,0.12,0.08,6.25,0.28,0.07,0.07,0.07,1.00,0.00
"205",0.33542,0.05333,0.01548,0.21331,0.38245,1.00,0.5455129395,0.5376340030,1.00,6.25,0.09,0.01,0.18,0.14,6.25,0.13,0.13,0.13,0.13,1.00,0.00
"206",0.27630,0.20341,0.03839,0.28714,0.19476,1.00,0.5126680455,0.5063055347,1.00,6.25,0.55,0.03,0.19,0.07,6.25,0.55,0.13,0.13,0.07,1.00,0.00
"207",0.14065,0.04014,0.19350,0.25401,0.37170,1.00,0.3738652744,0.3727408775,1.00,6.25,0.21,0.40,0.21,0.14,6.25,0.35,0.35,0.21,0.14,1.00,0.00
"208",0.36684,0.22501,0.18398,0.12057,0.10360,0.00,0.5969427156,0.5969427156,0.00,6.25,0.47,0.16,0.06,0.03,6.25,0.47,0.16,0.06,0.03,0.00,0.00
"209",0.21870,0.24643,0.11552,0.10913,0.31023,1.00,0.4689223229,0.4680736421,1.00,6.25,0.75,0.13,0.07,0.12,6.25,0.75,0.13,0.10,0.10,1.00,0.00
"210",0.12585,0.15412,0.35140,0.24423,0.12439,1.00,0.4006837802,0.4006837802,0.00,6.25,0.79,0.43,0.14,0.04,6.25,0.79,0.43,0.14,0.04,0.00,0.00
"211",0.27309,0.04837,0.33976,0.11409,0.22470,1.00,0.5046856880,0.4990045662,1.00,6.25,0.11,0.40,0.07,0.09,6.25,0.32,0.32,0.08,0.08,2.00,0.00
"212",0.18395,0.15107,0.30088,0.21829,0.14581,1.00,0.4363128123,0.4363128123,0.00,6.25,0.60,0.37,0.13,0.05,6.25,0.60,0.37,0.13,0.05,0.00,0.00
"213",0.37228,0.02351,0.08358,0.15451,0.36611,1.00,0.5756859058,0.5717845581,1.00,6.25,0.02,0.10,0.12,0.14,6.25,0.11,0.11,0.11,0.11,3.00,0.00
"214",0.04109,0.09047,0.23254,0.30056,0.33534,0.00,0.3110879182,0.3110879182,0.00,6.25,1.04,0.49,0.23,0.13,6.25,1.04,0.49,0.23,0.13,0.00,0.00
"215",0.09664,0.13058,0.13907,0.28569,0.34801,1.00,0.3487841876,0.3487841876,0.00,6.25,0.83,0.29,0.22,0.13,6.25,0.83,0.29,0.22,0.13,0.00,0.00
"216",0.24923,0.29166,0.25105,0.03649,0.17157,1.00,0.5237292913,0.5207547967,1.00,6.25,0.77,0.24,0.01,0.06,6.25,0.77,0.24,0.04,0.04,1.00,0.00
"217",0.38489,0.06391,0.15872,0.11446,0.27802,1.00,0.5862346521,0.5848078916,1.00,6.25,0.10,0.18,0.07,0.11,6.25,0.15,0.15,0.10,0.10,2.00,0.00
"218",0.28908,0.06470,0.05492,0.24308,0.34822,1.00,0.4979515639,0.4956336803,1.00,6.25,0.15,0.07,0.19,0.13,6.25,0.15,0.15,0.15,0.13,1.00,0.00
"219",0.07734,0.26969,0.19665,0.25575,0.20058,0.00,0.3757682383,0.3757682383,0.00,6.25,1.20,0.28,0.17,0.08,6.25,1.20,0.28,0.17,0.08,0.00,0.00
"220",0.02127,0.29511,0.32090,0.26702,0.09570,0.00,0.3657933586,0.3657933586,0.00,6.25,1.46,0.39,0.15,0.03,6.25,1.46,0.39,0.15,0.03,0.00,0.00
"221",0.14656,0.14897,0.17052,0.20419,0.32976,1.00,0.3898824963,0.3898824963,0.00,6.25,0.70,0.28,0.16,0.13,6.25,0.70,0.28,0.16,0.13,0.00,0.00
"222",0.23063,0.24151,0.13235,0.22922,0.16629,1.00,0.4795728735,0.4795728735,0.00,6.25,0.72,0.14,0.14,0.06,6.25,0.72,0.14,0.14,0.06,0.00,0.00
"223",0.11014,0.30066,0.10843,0.13014,0.35062,1.00,0.4007913681,0.4003996433,1.00,6.25,1.12,0.14,0.10,0.13,6.25,1.12,0.14,0.12,0.12,1.00,0.00
"224",0.20640,0.30897,0.19252,0.23361,0.05849,0.00,0.4901547980,0.4901547980,0.00,6.25,0.88,0.19,0.13,0.01,6.25,0.88,0.19,0.13,0.01,0.00,0.00
"225",0.37937,0.15786,0.27465,0.08599,0.10213,1.00,0.6055497933,0.6055497933,0.00,6.25,0.32,0.25,0.03,0.03,6.25,0.32,0.25,0.03,0.03,0.00,0.00
"226",0.31862,0.06716,0.26568,0.05234,0.29619,1.00,0.5394958590,0.5327947068,1.00,6.25,0.14,0.32,0.02,0.11,6.25,0.26,0.26,0.08,0.08,2.00,0.00
"227",0.12353,0.14290,0.21162,0.42725,0.09469,1.00,0.3913458768,0.3913458768,0.00,6.25,0.76,0.34,0.24,0.03,6.25,0.76,0.34,0.24,0.03,0.00,0.00
"228",0.27932,0.23267,0.10974,0.21575,0.16252,1.00,0.5171137509,0.5169655999,1.00,6.25,0.61,0.11,0.13,0.06,6.25,0.61,0.12,0.12,0.06,1.00,0.00
"229",0.06752,0.25679,0.28179,0.29974,0.09415,0.00,0.3813746481,0.3813746481,0.00,6.25,1.22,0.36,0.17,0.03,6.25,1.22,0.36,0.17,0.03,0.00,0.00
"230",0.33807,0.01177,0.24951,0.27299,0.12766,1.00,0.5624788726,0.5496001822,1.00,6.25,0.01,0.32,0.16,0.04,6.25,0.20,0.20,0.16,0.04,1.00,0.00
"231",0.04318,0.22982,0.19806,0.38318,0.14575,1.00,0.3501956241,0.3501956241,0.00,6.25,1.31,0.33,0.23,0.05,6.25,1.31,0.33,0.23,0.05,0.00,0.00
"232",0.34871,0.14478,0.12957,0.18649,0.19044,1.00,0.5582200854,0.5582200854,0.00,6.25,0.32,0.13,0.12,0.07,6.25,0.32,0.13,0.12,0.07,0.00,0.00
"233",0.11936,0.27793,0.13036,0.23875,0.23359,1.00,0.4024651182,0.4024651182,0.00,6.25,1.06,0.17,0.16,0.09,6.25,1.06,0.17,0.16,0.09,0.00,0.00
"234",0.18077,0.07536,0.17567,0.29189,0.27631,1.00,0.4085535505,0.4085535505,0.00,6.25,0.32,0.31,0.21,0.11,6.25,0.32,0.31,0.21,0.11,0.00,0.00
"235",0.01302,0.15454,0.09225,0.38186,0.35833,1.00,0.3008417193,0.3008255627,1.00,6.25,1.44,0.27,0.29,0.14,6.25,1.44,0.28,0.28,0.14,1.00,0.00
"236",0.47785,0.18449,0.09580,0.20962,0.03223,1.00,0.6951894210,0.6945005072,1.00,6.25,0.30,0.06,0.11,0.01,6.25,0.30,0.09,0.09,0.01,1.00,0.00
"237",0.21699,0.24967,0.02916,0.00900,0.49518,1.00,0.4849504387,0.4674476293,1.00,6.25,0.76,0.02,0.00,0.17,6.25,0.76,0.11,0.11,0.11,1.00,0.00
"238",0.04905,0.05553,0.07925,0.46887,0.34731,1.00,0.3048640539,0.3048640539,0.00,6.25,0.75,0.33,0.32,0.13,6.25,0.75,0.33,0.32,0.13,0.00,0.00
"239",0.23754,0.31962,0.18024,0.01077,0.25184,1.00,0.5192292324,0.5104707710,1.00,6.25,0.83,0.17,0.00,0.10,6.25,0.83,0.17,0.06,0.06,1.00,0.00
"240",0.17898,0.11381,0.28608,0.14844,0.27269,1.00,0.4203718631,0.4203580390,1.00,6.25,0.49,0.39,0.10,0.11,6.25,0.49,0.39,0.10,0.10,1.00,0.00
"241",0.32565,0.14438,0.25448,0.05595,0.21954,1.00,0.5513073392,0.5486672510,1.00,6.25,0.35,0.27,0.02,0.09,6.25,0.35,0.27,0.06,0.06,1.00,0.00
"242",0.41184,0.30864,0.05941,0.14595,0.07415,1.00,0.6602439558,0.6591100660,1.00,6.25,0.56,0.03,0.07,0.02,6.25,0.56,0.05,0.05,0.02,1.00,0.00
"243",0.09613,0.14531,0.47256,0.24127,0.04474,1.00,0.4021069720,0.4021069720,0.00,6.25,0.88,0.51,0.13,0.01,6.25,0.88,0.51,0.13,0.01,0.00,0.00
"244",0.36237,0.14361,0.13677,0.20931,0.14793,1.00,0.5723595754,0.5723595754,0.00,6.25,0.31,0.14,0.13,0.05,6.25,0.31,0.14,0.13,0.05,0.00,0.00
"245",0.19260,0.45081,0.08982,0.15079,0.11598,1.00,0.5167152754,0.5165739572,1.00,6.25,1.06,0.06,0.08,0.04,6.25,1.06,0.07,0.07,0.04,1.00,0.00
"246",0.06094,0.20794,0.24272,0.00394,0.48445,1.00,0.3632892099,0.3494370159,1.00,6.25,1.19,0.37,0.00,0.17,6.25,1.19,0.37,0.12,0.12,1.00,0.00
"247",0.32531,0.08638,0.25631,0.30946,0.02254,1.00,0.5583121403,0.5574773755,1.00,6.25,0.19,0.29,0.16,0.00,6.25,0.26,0.26,0.16,0.00,1.00,0.00
"248",0.12383,0.46060,0.13680,0.11615,0.16262,1.00,0.4663139083,0.4663136211,1.00,6.25,1.21,0.12,0.06,0.06,6.25,1.21,0.12,0.06,0.06,1.00,0.00
"249",0.18945,0.52335,0.03951,0.12017,0.12753,1.00,0.5442213537,0.5426186612,1.00,6.25,1.12,0.01,0.06,0.04,6.25,1.12,0.04,0.04,0.04,1.00,0.00
"250",0.14440,0.12860,0.21282,0.21641,0.29777,0.00,0.3879934531,0.3879934531,0.00,6.25,0.64,0.34,0.16,0.12,6.25,0.64,0.34,0.16,0.12,0.00,0.00
"251",0.22115,0.18248,0.16178,0.21236,0.22222,0.00,0.4567849032,0.4567849032,0.00,6.25,0.61,0.21,0.14,0.09,6.25,0.61,0.21,0.14,0.09,0.00,0.00
"252",0.03747,0.14032,0.16358,0.33726,0.32137,1.00,0.3148343168,0.3148343168,0.00,6.25,1.22,0.37,0.25,0.12,6.25,1.22,0.37,0.25,0.12,0.00,0.00
"253",0.10078,0.27830,0.28737,0.05265,0.28090,1.00,0.4068106433,0.4027612221,1.00,6.25,1.12,0.34,0.02,0.11,6.25,1.12,0.34,0.08,0.08,1.00,0.00
"254",0.08851,0.05823,0.48581,0.31195,0.05550,1.00,0.3830612231,0.3829812726,1.00,6.25,0.50,0.57,0.17,0.01,6.25,0.57,0.57,0.17,0.01,1.00,0.00
"255",0.28121,0.23762,0.12855,0.08905,0.26357,1.00,0.5198035013,0.5184838813,1.00,6.25,0.62,0.13,0.05,0.10,6.25,0.62,0.13,0.08,0.08,1.00,0.00
"256",0.09079,0.05685,0.23820,0.32189,0.29228,1.00,0.3421237527,0.3421237527,0.00,6.25,0.48,0.48,0.23,0.11,6.25,0.48,0.48,0.23,0.11,0.00,0.00
"257",0.21203,0.21720,0.26490,0.02409,0.28178,1.00,0.4755041352,0.4680098373,1.00,6.25,0.71,0.29,0.01,0.11,6.25,0.71,0.29,0.07,0.07,1.00,0.00
"258",0.11921,0.15397,0.19860,0.33626,0.19196,0.00,0.3789715860,0.3789715860,0.00,6.25,0.81,0.33,0.21,0.07,6.25,0.81,0.33,0.21,0.07,0.00,0.00
"259",0.10494,0.14763,0.17791,0.24563,0.32389,0.00,0.3600657498,0.3600657498,0.00,6.25,0.85,0.32,0.19,0.12,6.25,0.85,0.32,0.19,0.12,0.00,0.00
"260",0.24515,0.40780,0.11093,0.20968,0.02644,1.00,0.5530928849,0.5528372864,1.00,6.25,0.92,0.08,0.11,0.00,6.25,0.92,0.10,0.10,0.00,1.00,0.00
"261",0.30680,0.21429,0.13985,0.15463,0.18444,0.00,0.5353706416,0.5353706416,0.00,6.25,0.53,0.14,0.09,0.07,6.25,0.53,0.14,0.09,0.07,0.00,0.00
"262",0.16659,0.13486,0.26713,0.22485,0.20657,1.00,0.4134774636,0.4134774636,0.00,6.25,0.60,0.37,0.15,0.08,6.25,0.60,0.37,0.15,0.08,0.00,0.00
"263",0.30613,0.10847,0.05603,0.21119,0.31819,1.00,0.5155767802,0.5134834032,1.00,6.25,0.27,0.06,0.16,0.12,6.25,0.27,0.12,0.12,0.12,1.00,0.00
"264",0.17952,0.25469,0.16986,0.12252,0.27341,1.00,0.4420923200,0.4417810778,1.00,6.25,0.85,0.20,0.08,0.11,6.25,0.85,0.20,0.10,0.10,1.00,0.00
"265",0.02432,0.31006,0.28353,0.06744,0.31464,1.00,0.3628744699,0.3596794939,1.00,6.25,1.45,0.36,0.04,0.12,6.25,1.45,0.36,0.09,0.09,1.00,0.00
"266",0.33437,0.11613,0.05866,0.21012,0.28071,1.00,0.5418715138,0.5398124664,1.00,6.25,0.26,0.05,0.15,0.11,6.25,0.26,0.12,0.12,0.11,1.00,0.00
"267",0.36183,0.27442,0.12130,0.22755,0.01489,1.00,0.6131180600,0.6129385414,1.00,6.25,0.57,0.09,0.12,0.00,6.25,0.57,0.11,0.11,0.00,1.00,0.00
"268",0.24548,0.03374,0.26309,0.12220,0.33550,1.00,0.4705512877,0.4642058724,1.00,6.25,0.07,0.38,0.09,0.13,6.25,0.29,0.29,0.12,0.12,2.00,0.00
"269",0.19336,0.12083,0.30557,0.12431,0.25594,1.00,0.4362210908,0.4360137982,1.00,6.25,0.48,0.39,0.08,0.10,6.25,0.48,0.39,0.09,0.09,1.00,0.00
"270",0.21907,0.42240,0.03156,0.28800,0.03897,1.00,0.5436228823,0.5349608861,1.00,6.25,0.99,0.01,0.16,0.01,6.25,0.99,0.10,0.10,0.01,1.00,0.00
"271",0.24295,0.13671,0.34691,0.07702,0.19642,1.00,0.4890116868,0.4879763299,1.00,6.25,0.44,0.37,0.03,0.08,6.25,0.44,0.37,0.06,0.06,1.00,0.00
"272",0.22549,0.18963,0.19141,0.36920,0.02427,1.00,0.4849360742,0.4849360742,0.00,6.25,0.61,0.23,0.20,0.00,6.25,0.61,0.23,0.20,0.00,0.00,0.00
"273",0.27414,0.07976,0.31662,0.02100,0.30848,1.00,0.5111044371,0.5011217966,1.00,6.25,0.21,0.37,0.00,0.12,6.25,0.33,0.33,0.08,0.08,2.00,0.00
"274",0.00567,0.22814,0.16209,0.27552,0.32857,1.00,0.3151915080,0.3151915080,0.00,6.25,1.52,0.32,0.21,0.13,6.25,1.52,0.32,0.21,0.13,0.00,0.00
"275",0.26734,0.22401,0.06848,0.42603,0.01413,1.00,0.5307279316,0.5253452669,1.00,6.25,0.61,0.06,0.22,0.00,6.25,0.61,0.17,0.17,0.00,1.00,0.00
"276",0.28773,0.23389,0.14129,0.29520,0.04190,1.00,0.5375193039,0.5374302095,1.00,6.25,0.60,0.14,0.16,0.01,6.25,0.60,0.15,0.15,0.01,1.00,0.00
"277",0.28889,0.15786,0.25552,0.29095,0.00678,1.00,0.5366539913,0.5366539913,0.00,6.25,0.43,0.28,0.15,0.00,6.25,0.43,0.28,0.15,0.00,0.00,0.00
"278",0.00423,0.28964,0.35496,0.19266,0.15851,0.00,0.3528183113,0.3528183113,0.00,6.25,1.54,0.43,0.12,0.06,6.25,1.54,0.43,0.12,0.06,0.00,0.00
"279",0.15751,0.17750,0.33327,0.20178,0.12995,0.00,0.4261210046,0.4261210046,0.00,6.25,0.75,0.39,0.12,0.05,6.25,0.75,0.39,0.12,0.05,0.00,0.00
"280",0.14848,0.15205,0.39188,0.00687,0.30071,1.00,0.4308958161,0.4199619963,1.00,6.25,0.71,0.44,0.00,0.12,6.25,0.71,0.44,0.07,0.07,1.00,0.00
"281",0.43699,0.10696,0.06349,0.37483,0.01773,1.00,0.6588009327,0.6531052447,1.00,6.25,0.17,0.05,0.20,0.00,6.25,0.17,0.15,0.15,0.00,1.00,0.00
"282",0.23907,0.11100,0.19762,0.21099,0.24132,1.00,0.4610379691,0.4610379691,0.00,6.25,0.36,0.27,0.14,0.09,6.25,0.36,0.27,0.14,0.09,0.00,0.00
"283",0.01839,0.28332,0.06885,0.37114,0.25831,1.00,0.3399846944,0.3379036142,1.00,6.25,1.47,0.11,0.25,0.10,6.25,1.47,0.22,0.22,0.10,1.00,0.00
"284",0.39027,0.14602,0.04409,0.33520,0.08441,1.00,0.6103007108,0.6029990447,1.00,6.25,0.29,0.03,0.19,0.02,6.25,0.29,0.13,0.13,0.02,1.00,0.00
"285",0.35229,0.33480,0.11987,0.00266,0.19038,1.00,0.6203612540,0.6126922064,1.00,6.25,0.67,0.08,0.00,0.07,6.25,0.67,0.08,0.04,0.04,1.00,0.00
"286",0.21021,0.29886,0.25851,0.01403,0.21839,1.00,0.4980966366,0.4910115783,1.00,6.25,0.86,0.25,0.00,0.08,6.25,0.86,0.25,0.05,0.05,1.00,0.00
"287",0.37042,0.01995,0.17384,0.23504,0.20076,1.00,0.5795101182,0.5722926728,1.00,6.25,0.01,0.23,0.15,0.08,6.25,0.14,0.14,0.14,0.08,1.00,0.00
"288",0.36519,0.11541,0.21959,0.11645,0.18336,1.00,0.5761034081,0.5760730237,1.00,6.25,0.23,0.23,0.06,0.07,6.25,0.23,0.23,0.07,0.07,1.00,0.00
"289",0.28192,0.12884,0.04247,0.35515,0.19162,1.00,0.5051636442,0.4987693213,1.00,6.25,0.36,0.04,0.22,0.07,6.25,0.36,0.17,0.17,0.07,1.00,0.00
"290",0.30773,0.18150,0.03216,0.40273,0.07588,1.00,0.5488615430,0.5385549654,1.00,6.25,0.46,0.02,0.22,0.02,6.25,0.46,0.16,0.16,0.02,1.00,0.00
"291",0.23325,0.29407,0.07309,0.36360,0.03599,1.00,0.5139496425,0.5096721393,1.00,6.25,0.80,0.06,0.20,0.01,6.25,0.80,0.15,0.15,0.01,1.00,0.00
"292",0.19821,0.22686,0.17465,0.11031,0.28997,1.00,0.4498922088,0.4491899911,1.00,6.25,0.76,0.21,0.07,0.11,6.25,0.76,0.21,0.10,0.10,1.00,0.00
"293",0.09236,0.10483,0.30139,0.28616,0.21527,1.00,0.3574387812,0.3574387812,0.00,6.25,0.75,0.47,0.19,0.08,6.25,0.75,0.47,0.19,0.08,0.00,0.00
"294",0.10670,0.20745,0.20455,0.29051,0.19079,0.00,0.3814537041,0.3814537041,0.00,6.25,0.99,0.30,0.19,0.07,6.25,0.99,0.30,0.19,0.07,0.00,0.00
"295",0.35158,0.13100,0.19663,0.00348,0.31730,1.00,0.5749836350,0.5629224111,1.00,6.25,0.28,0.21,0.00,0.12,6.25,0.28,0.21,0.07,0.07,1.00,0.00
"296",0.26301,0.30682,0.05294,0.25549,0.12174,1.00,0.5298657747,0.5255505943,1.00,6.25,0.77,0.03,0.15,0.04,6.25,0.77,0.11,0.11,0.04,1.00,0.00
"297",0.21892,0.25084,0.19274,0.04995,0.28754,1.00,0.4787891913,0.4743687494,1.00,6.25,0.76,0.21,0.02,0.11,6.25,0.76,0.21,0.08,0.08,1.00,0.00
"298",0.11620,0.07357,0.11992,0.26728,0.42304,1.00,0.3515094953,0.3515094953,0.00,6.25,0.49,0.30,0.23,0.15,6.25,0.49,0.30,0.23,0.15,0.00,0.00
"299",0.32505,0.30433,0.15970,0.07380,0.13712,1.00,0.5805180085,0.5801834953,1.00,6.25,0.66,0.13,0.03,0.05,6.25,0.66,0.13,0.04,0.04,1.00,0.00
"300",0.06152,0.23532,0.32018,0.34232,0.04066,0.00,0.3844090597,0.3844090597,0.00,6.25,1.22,0.41,0.19,0.01,6.25,1.22,0.41,0.19,0.01,0.00,0.00
"301",0.11400,0.41071,0.14589,0.23273,0.09666,1.00,0.4462566452,0.4462566452,0.00,6.25,1.20,0.14,0.13,0.03,6.25,1.20,0.14,0.13,0.03,0.00,0.00
"302",0.20505,0.18255,0.37860,0.03561,0.19819,1.00,0.4761170214,0.4722789342,1.00,6.25,0.64,0.39,0.01,0.08,6.25,0.64,0.39,0.05,0.05,1.00,0.00
"303",0.03071,0.13773,0.21051,0.24059,0.38047,0.00,0.3107676461,0.3107676461,0.00,6.25,1.26,0.43,0.20,0.14,6.25,1.26,0.43,0.20,0.14,0.00,0.00
"304",0.33886,0.08240,0.07110,0.05933,0.44831,1.00,0.5463510364,0.5411260173,1.00,6.25,0.17,0.08,0.04,0.16,6.25,0.17,0.12,0.12,0.12,1.00,0.00
"305",0.36481,0.26159,0.12964,0.13138,0.11258,0.00,0.6007886876,0.6007886876,0.00,6.25,0.54,0.10,0.07,0.04,6.25,0.54,0.10,0.07,0.04,0.00,0.00
"306",0.17231,0.31848,0.09294,0.40395,0.01231,1.00,0.4789993447,0.4761808326,1.00,6.25,0.97,0.09,0.21,0.00,6.25,0.97,0.18,0.18,0.00,1.00,0.00
"307",0.10142,0.07724,0.34119,0.24309,0.23706,1.00,0.3625071140,0.3625071140,0.00,6.25,0.57,0.50,0.17,0.09,6.25,0.57,0.50,0.17,0.09,0.00,0.00
"308",0.12952,0.00369,0.25834,0.33259,0.27586,1.00,0.3793992148,0.3695391079,1.00,6.25,0.00,0.51,0.23,0.11,6.25,0.39,0.39,0.23,0.11,1.00,0.00
"309",0.04477,0.21378,0.20717,0.38494,0.14934,1.00,0.3476820580,0.3476820580,0.00,6.25,1.28,0.35,0.23,0.05,6.25,1.28,0.35,0.23,0.05,0.00,0.00
"310",0.29948,0.06071,0.31266,0.17846,0.14868,1.00,0.5254639729,0.5217554452,1.00,6.25,0.13,0.36,0.10,0.05,6.25,0.29,0.29,0.10,0.05,1.00,0.00
"311",0.24478,0.27622,0.17202,0.26245,0.04453,1.00,0.5127771760,0.5127771760,0.00,6.25,0.75,0.17,0.14,0.01,6.25,0.75,0.17,0.14,0.01,0.00,0.00
"312",0.05577,0.31017,0.22105,0.19372,0.21929,0.00,0.3733963134,0.3733963134,0.00,6.25,1.32,0.29,0.13,0.09,6.25,1.32,0.29,0.13,0.09,0.00,0.00
"313",0.49959,0.16058,0.04462,0.13456,0.16066,1.00,0.7047373893,0.7029856094,1.00,6.25,0.24,0.02,0.07,0.06,6.25,0.24,0.05,0.05,0.05,1.00,0.00
"314",0.08230,0.27544,0.09734,0.48462,0.06030,1.00,0.3971912876,0.3954198675,1.00,6.25,1.18,0.14,0.26,0.01,6.25,1.18,0.23,0.23,0.01,1.00,0.00
"315",0.23476,0.16973,0.22090,0.31228,0.06233,0.00,0.4822340947,0.4822340947,0.00,6.25,0.55,0.27,0.17,0.02,6.25,0.55,0.27,0.17,0.02,0.00,0.00
"316",0.11343,0.30597,0.18427,0.35988,0.03645,1.00,0.4274600414,0.4274600414,0.00,6.25,1.11,0.22,0.19,0.01,6.25,1.11,0.22,0.19,0.01,0.00,0.00
"317",0.26310,0.17405,0.24992,0.14528,0.16765,0.00,0.4984420697,0.4984420697,0.00,6.25,0.51,0.28,0.08,0.06,6.25,0.51,0.28,0.08,0.06,0.00,0.00
"318",0.08560,0.41723,0.38578,0.10431,0.00707,0.00,0.4660454493,0.4660454493,0.00,6.25,1.29,0.34,0.04,0.00,6.25,1.29,0.34,0.04,0.00,0.00,0.00
"319",0.05748,0.18930,0.09932,0.37837,0.27553,1.00,0.3385819907,0.3383465670,1.00,6.25,1.18,0.21,0.26,0.11,6.25,1.18,0.25,0.25,0.11,1.00,0.00
"320",0.26774,0.18961,0.05464,0.15580,0.33221,1.00,0.4961087098,0.4942362223,1.00,6.25,0.54,0.05,0.12,0.13,6.25,0.54,0.11,0.11,0.11,2.00,0.00
"321",0.24305,0.30420,0.24287,0.07340,0.13647,1.00,0.5187327142,0.5183965054,1.00,6.25,0.80,0.23,0.03,0.05,6.25,0.80,0.23,0.04,0.04,1.00,0.00
"322",0.35337,0.02163,0.28933,0.25083,0.08484,1.00,0.5812528648,0.5693122362,1.00,6.25,0.02,0.34,0.14,0.03,6.25,0.22,0.22,0.14,0.03,1.00,0.00
"323",0.18581,0.12650,0.27019,0.19460,0.22290,1.00,0.4267300675,0.4267300675,0.00,6.25,0.52,0.36,0.13,0.09,6.25,0.52,0.36,0.13,0.09,0.00,0.00
"324",0.11885,0.13715,0.17383,0.18417,0.38601,1.00,0.3665018103,0.3665018103,0.00,6.25,0.76,0.31,0.16,0.14,6.25,0.76,0.31,0.16,0.14,0.00,0.00
"325",0.25591,0.29629,0.20515,0.16751,0.07513,0.00,0.5242723067,0.5242723067,0.00,6.25,0.76,0.19,0.09,0.02,6.25,0.76,0.19,0.09,0.02,0.00,0.00
"326",0.15346,0.12752,0.18028,0.02608,0.51267,1.00,0.4002096972,0.3913415269,1.00,6.25,0.61,0.30,0.01,0.18,6.25,0.61,0.30,0.14,0.14,1.00,0.00
"327",0.26613,0.23830,0.07632,0.26460,0.15465,1.00,0.5100269565,0.5079427257,1.00,6.25,0.64,0.07,0.16,0.06,6.25,0.64,0.13,0.13,0.06,1.00,0.00
"328",0.13803,0.20006,0.24447,0.24015,0.17729,0.00,0.4049291589,0.4049291589,0.00,6.25,0.86,0.33,0.15,0.07,6.25,0.86,0.33,0.15,0.07,0.00,0.00
"329",0.01058,0.28383,0.33882,0.20802,0.15876,0.00,0.3530192885,0.3530192885,0.00,6.25,1.51,0.42,0.13,0.06,6.25,1.51,0.42,0.13,0.06,0.00,0.00
"330",0.14214,0.17032,0.29155,0.26214,0.13384,0.00,0.4088520342,0.4088520342,0.00,6.25,0.78,0.38,0.16,0.05,6.25,0.78,0.38,0.16,0.05,0.00,0.00
"331",0.13367,0.16186,0.42223,0.12221,0.16003,1.00,0.4163212387,0.4163212387,0.00,6.25,0.78,0.46,0.06,0.06,6.25,0.78,0.46,0.06,0.06,0.00,0.00
"332",0.02902,0.37303,0.01703,0.31072,0.27020,1.00,0.3779633943,0.3680327027,1.00,6.25,1.45,0.01,0.22,0.11,6.25,1.45,0.15,0.15,0.11,1.00,0.00
"333",0.42349,0.02232,0.36777,0.17418,0.01223,1.00,0.6651190894,0.6489444004,1.00,6.25,0.01,0.35,0.08,0.00,6.25,0.23,0.23,0.08,0.00,1.00,0.00
"334",0.14500,0.14533,0.04633,0.37124,0.29210,1.00,0.3918542866,0.3878617991,1.00,6.25,0.70,0.07,0.26,0.11,6.25,0.70,0.22,0.22,0.11,1.00,0.00
"335",0.11689,0.24298,0.11443,0.46588,0.05983,1.00,0.4114649107,0.4105626260,1.00,6.25,1.02,0.17,0.25,0.01,6.25,1.02,0.23,0.23,0.01,1.00,0.00
"336",0.35178,0.01518,0.07620,0.29159,0.26526,1.00,0.5613692181,0.5532562514,1.00,6.25,0.01,0.10,0.21,0.10,6.25,0.14,0.14,0.14,0.10,2.00,0.00
"337",0.07597,0.26683,0.24172,0.34401,0.07147,0.00,0.3897567184,0.3897567184,0.00,6.25,1.20,0.32,0.19,0.02,6.25,1.20,0.32,0.19,0.02,0.00,0.00
"338",0.01744,0.11092,0.35227,0.20180,0.31755,1.00,0.3120136739,0.3120136739,0.00,6.25,1.34,0.55,0.15,0.12,6.25,1.34,0.55,0.15,0.12,0.00,0.00
"339",0.06296,0.41386,0.44749,0.07284,0.00284,0.00,0.4621344226,0.4621344226,0.00,6.25,1.35,0.38,0.02,0.00,6.25,1.35,0.38,0.02,0.00,0.00,0.00
"340",0.28850,0.04219,0.16671,0.22851,0.27409,1.00,0.4994428315,0.4969791912,1.00,6.25,0.08,0.25,0.16,0.11,6.25,0.19,0.19,0.16,0.11,1.00,0.00
"341",0.30577,0.14038,0.29551,0.22363,0.03471,1.00,0.5456506715,0.5456506715,0.00,6.25,0.36,0.31,0.12,0.01,6.25,0.36,0.31,0.12,0.01,0.00,0.00
"342",0.17635,0.22894,0.05066,0.24318,0.30087,1.00,0.4325850275,0.4294330713,1.00,6.25,0.81,0.05,0.18,0.12,6.25,0.81,0.14,0.14,0.12,1.00,0.00
"343",0.18718,0.19086,0.20855,0.21175,0.20166,0.00,0.4354166432,0.4354166432,0.00,6.25,0.70,0.27,0.14,0.08,6.25,0.70,0.27,0.14,0.08,0.00,0.00
"344",0.05414,0.08338,0.24743,0.27051,0.34455,1.00,0.3187419149,0.3187419149,0.00,6.25,0.89,0.49,0.21,0.13,6.25,0.89,0.49,0.21,0.13,0.00,0.00
"345",0.23942,0.29186,0.02041,0.39227,0.05604,1.00,0.5234139719,0.5102986627,1.00,6.25,0.79,0.01,0.21,0.01,6.25,0.79,0.14,0.14,0.01,1.00,0.00
"346",0.18156,0.23424,0.13767,0.25006,0.19647,1.00,0.4383656862,0.4383656862,0.00,6.25,0.81,0.17,0.16,0.08,6.25,0.81,0.17,0.16,0.08,0.00,0.00
"347",0.32101,0.33251,0.03213,0.18314,0.13121,1.00,0.5868200222,0.5822548293,1.00,6.25,0.71,0.01,0.10,0.05,6.25,0.71,0.06,0.06,0.05,1.00,0.00
"348",0.00459,0.10710,0.32554,0.30950,0.25327,0.00,0.3042968291,0.3042968291,0.00,6.25,1.50,0.56,0.21,0.10,6.25,1.50,0.56,0.21,0.10,0.00,0.00
"349",0.34069,0.02381,0.26525,0.07110,0.29915,1.00,0.5613250256,0.5483926135,1.00,6.25,0.02,0.33,0.04,0.12,6.25,0.22,0.22,0.09,0.09,2.00,0.00
"350",0.22861,0.01807,0.31595,0.17872,0.25865,1.00,0.4641206151,0.4536881379,1.00,6.25,0.03,0.44,0.12,0.10,6.25,0.33,0.33,0.12,0.10,1.00,0.00
"351",0.23756,0.24906,0.04841,0.16396,0.30102,1.00,0.4865862784,0.4841604051,1.00,6.25,0.72,0.04,0.12,0.12,6.25,0.72,0.10,0.10,0.10,1.00,0.00
"352",0.11157,0.11203,0.24233,0.33005,0.20402,1.00,0.3683131933,0.3683131933,0.00,6.25,0.70,0.41,0.21,0.08,6.25,0.70,0.41,0.21,0.08,0.00,0.00
"353",0.20332,0.38911,0.05586,0.26410,0.08761,1.00,0.5103520273,0.5059954383,1.00,6.25,0.98,0.03,0.15,0.03,6.25,0.98,0.11,0.11,0.03,1.00,0.00
"354",0.12422,0.08044,0.20065,0.51082,0.08386,1.00,0.3858316770,0.3858316770,0.00,6.25,0.50,0.39,0.27,0.02,6.25,0.50,0.39,0.27,0.02,0.00,0.00
"355",0.40210,0.01530,0.09911,0.29988,0.18361,1.00,0.6102848518,0.6018483452,1.00,6.25,0.01,0.12,0.19,0.07,6.25,0.13,0.13,0.13,0.07,2.00,0.00
"356",0.28715,0.38659,0.06274,0.13875,0.12477,1.00,0.5724439086,0.5716683427,1.00,6.25,0.83,0.03,0.07,0.04,6.25,0.83,0.05,0.05,0.04,1.00,0.00
"357",0.28437,0.42372,0.08941,0.15159,0.05091,1.00,0.5871368796,0.5869431550,1.00,6.25,0.88,0.05,0.07,0.01,6.25,0.88,0.06,0.06,0.01,1.00,0.00
"358",0.22410,0.25448,0.13758,0.25901,0.12483,1.00,0.4808465124,0.4808422970,1.00,6.25,0.75,0.15,0.15,0.04,6.25,0.75,0.15,0.15,0.04,1.00,0.00
"359",0.21090,0.15884,0.34100,0.22355,0.06570,1.00,0.4708559401,0.4708559401,0.00,6.25,0.56,0.37,0.12,0.02,6.25,0.56,0.37,0.12,0.02,0.00,0.00
"360",0.05898,0.13028,0.33248,0.14346,0.33480,1.00,0.3399390717,0.3398006892,1.00,6.25,1.04,0.49,0.11,0.13,6.25,1.04,0.49,0.12,0.12,1.00,0.00
"361",0.26274,0.27605,0.19223,0.26176,0.00722,1.00,0.5349681215,0.5349681215,0.00,6.25,0.72,0.19,0.14,0.00,6.25,0.72,0.19,0.14,0.00,0.00,0.00
"362",0.42659,0.11254,0.21332,0.22390,0.02365,1.00,0.6444305499,0.6443950274,1.00,6.25,0.19,0.20,0.12,0.00,6.25,0.20,0.20,0.12,0.00,1.00,0.00
"363",0.28406,0.16631,0.15554,0.26244,0.13164,1.00,0.5103127009,0.5103127009,0.00,6.25,0.45,0.18,0.16,0.05,6.25,0.45,0.18,0.16,0.05,0.00,0.00
"364",0.27632,0.29649,0.05874,0.15040,0.21805,1.00,0.5322353400,0.5309863963,1.00,6.25,0.73,0.04,0.09,0.08,6.25,0.73,0.08,0.08,0.08,1.00,0.00
"365",0.17680,0.28249,0.25218,0.00348,0.28505,1.00,0.4683380424,0.4571741684,1.00,6.25,0.91,0.27,0.00,0.11,6.25,0.91,0.27,0.06,0.06,1.00,0.00
"366",0.27565,0.21035,0.02833,0.34494,0.14073,1.00,0.5201099341,0.5104821198,1.00,6.25,0.57,0.02,0.21,0.05,6.25,0.57,0.14,0.14,0.05,1.00,0.00
"367",0.24501,0.04447,0.08332,0.32789,0.29931,1.00,0.4605020863,0.4587046940,1.00,6.25,0.11,0.15,0.24,0.12,6.25,0.20,0.20,0.20,0.12,2.00,0.00
"368",0.08514,0.11414,0.22260,0.26654,0.31158,0.00,0.3435175884,0.3435175884,0.00,6.25,0.83,0.41,0.20,0.12,6.25,0.83,0.41,0.20,0.12,0.00,0.00
"369",0.05412,0.14863,0.26151,0.12138,0.41437,1.00,0.3329699690,0.3322779922,1.00,6.25,1.12,0.44,0.10,0.15,6.25,1.12,0.44,0.14,0.14,1.00,0.00
"370",0.15227,0.26422,0.33743,0.15188,0.09421,0.00,0.4473781325,0.4473781325,0.00,6.25,0.94,0.35,0.08,0.03,6.25,0.94,0.35,0.08,0.03,0.00,0.00
"371",0.29976,0.09967,0.50065,0.04327,0.05665,1.00,0.5698181569,0.5677940721,1.00,6.25,0.25,0.43,0.01,0.01,6.25,0.39,0.39,0.01,0.01,2.00,0.00
"372",0.22579,0.29652,0.18612,0.19566,0.09590,0.00,0.4969356087,0.4969356087,0.00,6.25,0.82,0.19,0.11,0.03,6.25,0.82,0.19,0.11,0.03,0.00,0.00
"373",0.17080,0.22031,0.22300,0.12303,0.26286,1.00,0.4305731665,0.4303159786,1.00,6.25,0.81,0.28,0.08,0.10,6.25,0.81,0.28,0.09,0.09,1.00,0.00
"374",0.28830,0.02291,0.31537,0.30110,0.07233,1.00,0.5281771391,0.5172164327,1.00,6.25,0.03,0.39,0.17,0.02,6.25,0.28,0.28,0.17,0.02,1.00,0.00
"375",0.28589,0.02029,0.08010,0.35533,0.25840,1.00,0.5019603720,0.4952437770,1.00,6.25,0.02,0.13,0.24,0.10,6.25,0.18,0.18,0.18,0.10,2.00,0.00
"376",0.40941,0.39787,0.00630,0.04792,0.13850,1.00,0.6942977048,0.6896653534,1.00,6.25,0.68,0.00,0.01,0.05,6.25,0.68,0.02,0.02,0.02,2.00,0.00
"377",0.25949,0.14349,0.10426,0.22837,0.26438,1.00,0.4787959427,0.4786607298,1.00,6.25,0.43,0.13,0.16,0.10,6.25,0.43,0.15,0.15,0.10,1.00,0.00
"378",0.19684,0.05511,0.42352,0.28999,0.03453,1.00,0.4642649854,0.4611539331,1.00,6.25,0.20,0.48,0.16,0.01,6.25,0.43,0.43,0.16,0.01,1.00,0.00
"379",0.39700,0.07317,0.20682,0.04200,0.28101,1.00,0.6066704474,0.6001461817,1.00,6.25,0.11,0.22,0.02,0.11,6.25,0.18,0.18,0.07,0.07,2.00,0.00
"380",0.01684,0.09399,0.29227,0.34237,0.25454,0.00,0.3058618083,0.3058618083,0.00,6.25,1.32,0.55,0.23,0.10,6.25,1.32,0.55,0.23,0.10,0.00,0.00
"381",0.23320,0.18160,0.24945,0.12207,0.21367,1.00,0.4744285333,0.4743518137,1.00,6.25,0.58,0.29,0.07,0.08,6.25,0.58,0.29,0.08,0.08,1.00,0.00
"382",0.01916,0.54722,0.05140,0.31670,0.06553,1.00,0.4354358476,0.4293407084,1.00,6.25,1.51,0.03,0.18,0.02,6.25,1.51,0.12,0.12,0.02,1.00,0.00
"383",0.43588,0.10682,0.02341,0.25002,0.18387,1.00,0.6421663441,0.6340449508,1.00,6.25,0.17,0.01,0.16,0.07,6.25,0.17,0.10,0.10,0.07,1.00,0.00
"384",0.12130,0.11184,0.53387,0.17303,0.05996,1.00,0.4204002891,0.4204002891,0.00,6.25,0.66,0.53,0.09,0.01,6.25,0.66,0.53,0.09,0.01,0.00,0.00
"385",0.03154,0.39304,0.22933,0.09520,0.25088,1.00,0.3849104129,0.3839695347,1.00,6.25,1.44,0.27,0.05,0.10,6.25,1.44,0.27,0.08,0.08,1.00,0.00
"386",0.00548,0.33573,0.33169,0.16438,0.16272,0.00,0.3633315349,0.3633315349,0.00,6.25,1.54,0.39,0.10,0.06,6.25,1.54,0.39,0.10,0.06,0.00,0.00
"387",0.08515,0.23063,0.35515,0.05710,0.27196,1.00,0.3910849596,0.3875821898,1.00,6.25,1.11,0.41,0.03,0.11,6.25,1.11,0.41,0.08,0.08,1.00,0.00
"388",0.01496,0.11355,0.28876,0.31423,0.26849,0.00,0.3072302999,0.3072302999,0.00,6.25,1.38,0.53,0.22,0.10,6.25,1.38,0.53,0.22,0.10,0.00,0.00
"389",0.17851,0.17995,0.25012,0.04418,0.34725,1.00,0.4350361617,0.4291718306,1.00,6.25,0.70,0.32,0.02,0.13,6.25,0.70,0.32,0.10,0.10,1.00,0.00
"390",0.07398,0.33855,0.25157,0.22579,0.11011,0.00,0.4021833281,0.4021833281,0.00,6.25,1.27,0.29,0.13,0.04,6.25,1.27,0.29,0.13,0.04,0.00,0.00
"391",0.24872,0.08282,0.22222,0.14773,0.29850,1.00,0.4680303073,0.4677949924,1.00,6.25,0.25,0.31,0.10,0.12,6.25,0.29,0.29,0.11,0.11,2.00,0.00
"392",0.11990,0.06306,0.30906,0.21871,0.28927,1.00,0.3698668131,0.3697442127,1.00,6.25,0.41,0.48,0.16,0.11,6.25,0.47,0.47,0.16,0.11,1.00,0.00
"393",0.10935,0.29678,0.06124,0.15141,0.38122,1.00,0.3999196794,0.3985896242,1.00,6.25,1.11,0.07,0.12,0.14,6.25,1.11,0.13,0.13,0.13,2.00,0.00
"394",0.29457,0.13034,0.23715,0.07936,0.25859,1.00,0.5174415307,0.5156859210,1.00,6.25,0.34,0.27,0.04,0.10,6.25,0.34,0.27,0.08,0.08,1.00,0.00
"395",0.08249,0.35338,0.22141,0.12450,0.21822,1.00,0.4051448345,0.4050764985,1.00,6.25,1.25,0.25,0.07,0.08,6.25,1.25,0.25,0.08,0.08,1.00,0.00
"396",0.37245,0.02358,0.13237,0.29832,0.17329,1.00,0.5816105893,0.5756318482,1.00,6.25,0.02,0.17,0.19,0.07,6.25,0.15,0.15,0.15,0.07,2.00,0.00
"397",0.12226,0.24737,0.20080,0.22954,0.20003,0.00,0.4006747505,0.4006747505,0.00,6.25,1.00,0.27,0.15,0.08,6.25,1.00,0.27,0.15,0.08,0.00,0.00
"398",0.16397,0.30238,0.23787,0.14526,0.15052,0.00,0.4517806583,0.4517806583,0.00,6.25,0.97,0.25,0.08,0.06,6.25,0.97,0.25,0.08,0.06,0.00,0.00
"399",0.47598,0.38996,0.06841,0.05731,0.00834,0.00,0.7554094954,0.7554094954,0.00,6.25,0.60,0.03,0.02,0.00,6.25,0.60,0.03,0.02,0.00,0.00,0.00
"400",0.23644,0.16566,0.14881,0.31708,0.13201,1.00,0.4719241897,0.4719241897,0.00,6.25,0.53,0.19,0.19,0.05,6.25,0.53,0.19,0.19,0.05,0.00,0.00
"401",0.11894,0.15271,0.19362,0.26167,0.27306,0.00,0.3734906486,0.3734906486,0.00,6.25,0.81,0.32,0.19,0.11,6.25,0.81,0.32,0.19,0.11,0.00,0.00
"402",0.17242,0.06249,0.38913,0.00054,0.37542,1.00,0.4373329986,0.4220121847,1.00,6.25,0.28,0.48,0.00,0.14,6.25,0.44,0.44,0.09,0.09,2.00,0.00
"403",0.27764,0.03153,0.32426,0.07212,0.29445,1.00,0.5100417500,0.4987558835,1.00,6.25,0.05,0.40,0.04,0.11,6.25,0.30,0.30,0.09,0.09,2.00,0.00
"404",0.25689,0.16052,0.17900,0.16319,0.24041,1.00,0.4822796989,0.4822796989,0.00,6.25,0.48,0.22,0.11,0.09,6.25,0.48,0.22,0.11,0.09,0.00,0.00
"405",0.01576,0.12741,0.13980,0.27352,0.44351,0.00,0.2946633101,0.2946633101,0.00,6.25,1.39,0.39,0.25,0.16,6.25,1.39,0.39,0.25,0.16,0.00,0.00
"406",0.21858,0.08152,0.36191,0.22305,0.11495,1.00,0.4644555320,0.4636105346,1.00,6.25,0.29,0.43,0.13,0.04,6.25,0.39,0.39,0.13,0.04,1.00,0.00
"407",0.04254,0.39067,0.16839,0.02805,0.37035,1.00,0.3929766136,0.3845999629,1.00,6.25,1.41,0.20,0.01,0.14,6.25,1.41,0.20,0.10,0.10,1.00,0.00
"408",0.08059,0.18318,0.32591,0.18273,0.22759,0.00,0.3670224930,0.3670224930,0.00,6.25,1.05,0.43,0.12,0.09,6.25,1.05,0.43,0.12,0.09,0.00,0.00
"409",0.15357,0.19326,0.03539,0.31359,0.30419,1.00,0.4091519726,0.4034390903,1.00,6.25,0.80,0.04,0.23,0.12,6.25,0.80,0.17,0.17,0.12,1.00,0.00
"410",0.22678,0.45509,0.00796,0.20796,0.10220,1.00,0.5560825928,0.5466084343,1.00,6.25,1.00,0.00,0.12,0.03,6.25,1.00,0.06,0.06,0.03,1.00,0.00
"411",0.06890,0.25700,0.16215,0.26187,0.25008,1.00,0.3631272939,0.3631272939,0.00,6.25,1.21,0.25,0.18,0.10,6.25,1.21,0.25,0.18,0.10,0.00,0.00
"412",0.16052,0.28513,0.31415,0.05975,0.18046,1.00,0.4566860897,0.4550873260,1.00,6.25,0.95,0.32,0.02,0.07,6.25,0.95,0.32,0.05,0.05,1.00,0.00
"413",0.53749,0.23515,0.11195,0.02837,0.08704,1.00,0.7626113728,0.7616753599,1.00,6.25,0.34,0.06,0.01,0.03,6.25,0.34,0.06,0.02,0.02,1.00,0.00
"414",0.18593,0.25981,0.26715,0.28282,0.00429,0.00,0.4777687671,0.4777687671,0.00,6.25,0.85,0.29,0.15,0.00,6.25,0.85,0.29,0.15,0.00,0.00,0.00
"415",0.21311,0.01880,0.27535,0.33566,0.15708,1.00,0.4528049901,0.4441075882,1.00,6.25,0.04,0.42,0.21,0.06,6.25,0.32,0.32,0.21,0.06,1.00,0.00
"416",0.15184,0.22789,0.25542,0.13425,0.23059,1.00,0.4215978809,0.4215711748,1.00,6.25,0.88,0.31,0.08,0.09,6.25,0.88,0.31,0.09,0.09,1.00,0.00
"417",0.24166,0.25190,0.22167,0.08483,0.19994,1.00,0.4977833808,0.4970026722,1.00,6.25,0.71,0.23,0.04,0.08,6.25,0.71,0.23,0.06,0.06,1.00,0.00
"418",0.25923,0.18379,0.33243,0.18869,0.03586,1.00,0.5177979995,0.5177979995,0.00,6.25,0.54,0.33,0.10,0.01,6.25,0.54,0.33,0.10,0.01,0.00,0.00
"419",0.14399,0.35404,0.15315,0.21409,0.13473,1.00,0.4472379086,0.4472379086,0.00,6.25,1.08,0.16,0.13,0.05,6.25,1.08,0.16,0.13,0.05,0.00,0.00
"420",0.35375,0.38130,0.12278,0.10273,0.03943,0.00,0.6341435043,0.6341435043,0.00,6.25,0.73,0.08,0.04,0.01,6.25,0.73,0.08,0.04,0.01,0.00,0.00
"421",0.33842,0.26003,0.14319,0.07384,0.18452,1.00,0.5774683695,0.5764760158,1.00,6.25,0.57,0.12,0.03,0.07,6.25,0.57,0.12,0.05,0.05,1.00,0.00
"422",0.31723,0.03683,0.06359,0.39310,0.18925,1.00,0.5326973289,0.5260785630,1.00,6.25,0.06,0.09,0.24,0.07,6.25,0.18,0.18,0.18,0.07,2.00,0.00
"423",0.29235,0.13148,0.16402,0.15426,0.25789,1.00,0.5066719813,0.5066719813,0.00,6.25,0.35,0.20,0.10,0.10,6.25,0.35,0.20,0.10,0.10,0.00,0.00
"424",0.11317,0.20708,0.05102,0.40385,0.22487,1.00,0.3858825869,0.3815264184,1.00,6.25,0.96,0.07,0.26,0.09,6.25,0.96,0.21,0.21,0.09,1.00,0.00
"425",0.17593,0.25383,0.16956,0.21202,0.18866,0.00,0.4402034915,0.4402034915,0.00,6.25,0.86,0.20,0.13,0.07,6.25,0.86,0.20,0.13,0.07,0.00,0.00
"426",0.07885,0.27811,0.08185,0.30719,0.25400,1.00,0.3754367051,0.3741427192,1.00,6.25,1.20,0.12,0.21,0.10,6.25,1.20,0.18,0.18,0.10,1.00,0.00
"427",0.34992,0.18604,0.05046,0.20843,0.20516,1.00,0.5690841516,0.5659685273,1.00,6.25,0.41,0.03,0.13,0.08,6.25,0.41,0.09,0.09,0.08,1.00,0.00
"428",0.14755,0.13760,0.24695,0.24688,0.22102,0.00,0.3972621000,0.3972621000,0.00,6.25,0.66,0.36,0.16,0.09,6.25,0.66,0.36,0.16,0.09,0.00,0.00
"429",0.34085,0.02211,0.04581,0.23709,0.35414,1.00,0.5495351625,0.5426250497,1.00,6.25,0.02,0.05,0.19,0.13,6.25,0.13,0.13,0.13,0.13,2.00,0.00
"430",0.47236,0.08343,0.03386,0.23008,0.18026,1.00,0.6736704501,0.6678460283,1.00,6.25,0.11,0.02,0.15,0.07,6.25,0.11,0.09,0.09,0.07,1.00,0.00
"431",0.17483,0.33473,0.21485,0.26378,0.01182,0.00,0.4834564397,0.4834564397,0.00,6.25,0.98,0.22,0.14,0.00,6.25,0.98,0.22,0.14,0.00,0.00,0.00
"432",0.19020,0.29610,0.19044,0.31795,0.00530,1.00,0.4855765818,0.4855765818,0.00,6.25,0.90,0.20,0.17,0.00,6.25,0.90,0.20,0.17,0.00,0.00,0.00
"433",0.15953,0.21511,0.30785,0.17368,0.14383,0.00,0.4325364436,0.4325364436,0.00,6.25,0.83,0.35,0.10,0.05,6.25,0.83,0.35,0.10,0.05,0.00,0.00
"434",0.21080,0.15244,0.24616,0.28345,0.10714,0.00,0.4562409472,0.4562409472,0.00,6.25,0.55,0.31,0.17,0.04,6.25,0.55,0.31,0.17,0.04,0.00,0.00
"435",0.20958,0.43844,0.02689,0.11653,0.20856,1.00,0.5288961248,0.5249474998,1.00,6.25,1.02,0.01,0.07,0.08,6.25,1.02,0.06,0.06,0.06,2.00,0.00
"436",0.07585,0.41500,0.32919,0.03588,0.14408,1.00,0.4422226400,0.4400295724,1.00,6.25,1.31,0.31,0.01,0.05,6.25,1.31,0.31,0.03,0.03,1.00,0.00
"437",0.29610,0.30377,0.09970,0.16507,0.13536,1.00,0.5514963790,0.5514220501,1.00,6.25,0.71,0.08,0.09,0.05,6.25,0.71,0.09,0.09,0.05,1.00,0.00
"438",0.31957,0.27227,0.21787,0.05865,0.13163,1.00,0.5726502205,0.5719494630,1.00,6.25,0.62,0.19,0.02,0.05,6.25,0.62,0.19,0.03,0.03,1.00,0.00
"439",0.26254,0.20549,0.16104,0.14617,0.22476,1.00,0.4958805461,0.4958805461,0.00,6.25,0.58,0.18,0.09,0.09,6.25,0.58,0.18,0.09,0.09,0.00,0.00
"440",0.30375,0.03406,0.39250,0.03530,0.23438,1.00,0.5479004926,0.5325736233,1.00,6.25,0.05,0.42,0.01,0.09,6.25,0.32,0.32,0.06,0.06,2.00,0.00
"441",0.31061,0.28024,0.18426,0.09675,0.12814,1.00,0.5617065894,0.5617048298,1.00,6.25,0.65,0.16,0.04,0.04,6.25,0.65,0.16,0.04,0.04,1.00,0.00
"442",0.11558,0.05509,0.20865,0.26086,0.35983,1.00,0.3557193499,0.3556489087,1.00,6.25,0.37,0.43,0.21,0.14,6.25,0.42,0.42,0.21,0.14,1.00,0.00
"443",0.36193,0.15960,0.11191,0.30653,0.06003,1.00,0.5842124635,0.5833497449,1.00,6.25,0.34,0.11,0.17,0.01,6.25,0.34,0.15,0.15,0.01,1.00,0.00
"444",0.17731,0.22694,0.15529,0.22077,0.21969,1.00,0.4326147902,0.4326147902,0.00,6.25,0.81,0.20,0.15,0.09,6.25,0.81,0.20,0.15,0.09,0.00,0.00
"445",0.13979,0.24654,0.15234,0.31041,0.15092,1.00,0.4145914987,0.4145914987,0.00,6.25,0.95,0.20,0.19,0.06,6.25,0.95,0.20,0.19,0.06,0.00,0.00
"446",0.35742,0.25631,0.26689,0.03606,0.08332,1.00,0.6122065167,0.6116662793,1.00,6.25,0.54,0.22,0.01,0.02,6.25,0.54,0.22,0.02,0.02,1.00,0.00
"447",0.46144,0.10732,0.12666,0.28783,0.01676,1.00,0.6756335017,0.6752418729,1.00,6.25,0.16,0.11,0.15,0.00,6.25,0.16,0.14,0.14,0.00,1.00,0.00
"448",0.19804,0.12312,0.15057,0.29485,0.23342,1.00,0.4279032829,0.4279032829,0.00,6.25,0.48,0.24,0.20,0.09,6.25,0.48,0.24,0.20,0.09,0.00,0.00
"449",0.29353,0.02319,0.27116,0.25066,0.16146,1.00,0.5193877129,0.5097571903,1.00,6.25,0.03,0.36,0.16,0.06,6.25,0.25,0.25,0.16,0.06,1.00,0.00
"450",0.29743,0.14921,0.06755,0.32217,0.16364,1.00,0.5194752082,0.5161485306,1.00,6.25,0.39,0.07,0.20,0.06,6.25,0.39,0.16,0.16,0.06,1.00,0.00
"451",0.18755,0.23906,0.10806,0.15929,0.30604,1.00,0.4408999167,0.4408972531,1.00,6.25,0.81,0.13,0.12,0.12,6.25,0.81,0.13,0.12,0.12,1.00,0.00
"452",0.29958,0.20790,0.30014,0.11868,0.07370,0.00,0.5489491581,0.5489491581,0.00,6.25,0.53,0.28,0.05,0.02,6.25,0.53,0.28,0.05,0.02,0.00,0.00
"453",0.37615,0.04394,0.20329,0.32695,0.04967,1.00,0.5973042714,0.5930718882,1.00,6.25,0.06,0.24,0.18,0.01,6.25,0.18,0.18,0.18,0.01,1.00,0.00
"454",0.01789,0.29864,0.43182,0.02688,0.22477,1.00,0.3824905615,0.3769149364,1.00,6.25,1.47,0.45,0.01,0.09,6.25,1.47,0.45,0.05,0.05,1.00,0.00
"455",0.10093,0.26221,0.41091,0.11840,0.10755,0.00,0.4199979721,0.4199979721,0.00,6.25,1.10,0.41,0.06,0.04,6.25,1.10,0.41,0.06,0.04,0.00,0.00
"456",0.15260,0.28496,0.16540,0.08300,0.31404,1.00,0.4317083499,0.4296080658,1.00,6.25,0.97,0.20,0.05,0.12,6.25,0.97,0.20,0.10,0.10,1.00,0.00
"457",0.06239,0.04020,0.39536,0.30088,0.20116,1.00,0.3382925699,0.3381900947,1.00,6.25,0.50,0.59,0.20,0.08,6.25,0.58,0.58,0.20,0.08,1.00,0.00
"458",0.27957,0.25090,0.19760,0.13576,0.13616,0.00,0.5267510683,0.5267510683,0.00,6.25,0.64,0.19,0.07,0.05,6.25,0.64,0.19,0.07,0.05,0.00,0.00
"459",0.27711,0.09698,0.18844,0.28741,0.15007,1.00,0.4964883438,0.4964883438,0.00,6.25,0.26,0.25,0.18,0.05,6.25,0.26,0.25,0.18,0.05,0.00,0.00
"460",0.03670,0.22441,0.16797,0.17709,0.39383,1.00,0.3313749774,0.3313749774,0.00,6.25,1.34,0.30,0.15,0.15,6.25,1.34,0.30,0.15,0.15,0.00,0.00
"461",0.22857,0.25355,0.14320,0.14483,0.22984,1.00,0.4792360127,0.4792360127,0.00,6.25,0.74,0.15,0.09,0.09,6.25,0.74,0.15,0.09,0.09,0.00,0.00
"462",0.22061,0.00545,0.20529,0.31393,0.25472,1.00,0.4516811075,0.4406674930,1.00,6.25,0.00,0.37,0.22,0.10,6.25,0.24,0.24,0.22,0.10,1.00,0.00
"463",0.11710,0.21148,0.41159,0.23399,0.02584,0.00,0.4269294613,0.4269294613,0.00,6.25,0.96,0.43,0.12,0.00,6.25,0.96,0.43,0.12,0.00,0.00,0.00
"464",0.37766,0.24345,0.00018,0.16776,0.21094,1.00,0.6151475451,0.6055219613,1.00,6.25,0.50,0.00,0.11,0.08,6.25,0.50,0.06,0.06,0.06,1.00,0.00
"465",0.14500,0.22777,0.21685,0.27773,0.13265,0.00,0.4177448180,0.4177448180,0.00,6.25,0.90,0.28,0.17,0.05,6.25,0.90,0.28,0.17,0.05,0.00,0.00
"466",0.21356,0.20377,0.14686,0.17685,0.25895,1.00,0.4538648930,0.4538648930,0.00,6.25,0.67,0.18,0.12,0.10,6.25,0.67,0.18,0.12,0.10,0.00,0.00
"467",0.23875,0.18863,0.33193,0.13237,0.10832,0.00,0.4946344110,0.4946344110,0.00,6.25,0.59,0.34,0.07,0.04,6.25,0.59,0.34,0.07,0.04,0.00,0.00
"468",0.18208,0.23797,0.02798,0.24100,0.31098,1.00,0.4424009190,0.4362431840,1.00,6.25,0.82,0.02,0.18,0.12,6.25,0.82,0.12,0.12,0.12,1.00,0.00
"469",0.20191,0.17960,0.12777,0.23825,0.25248,1.00,0.4390904086,0.4390904086,0.00,6.25,0.64,0.17,0.17,0.10,6.25,0.64,0.17,0.17,0.10,0.00,0.00
"470",0.02303,0.25947,0.20589,0.09530,0.41631,1.00,0.3372708585,0.3354902119,1.00,6.25,1.43,0.33,0.08,0.15,6.25,1.43,0.33,0.13,0.13,1.00,0.00
"471",0.27730,0.13924,0.20731,0.12890,0.24724,1.00,0.4986114436,0.4984982653,1.00,6.25,0.39,0.25,0.08,0.10,6.25,0.39,0.25,0.09,0.09,1.00,0.00
"472",0.10706,0.22359,0.29689,0.18955,0.18290,0.00,0.3933494092,0.3933494092,0.00,6.25,1.02,0.37,0.12,0.07,6.25,1.02,0.37,0.12,0.07,0.00,0.00
"473",0.13481,0.22599,0.30074,0.15914,0.17933,0.00,0.4146086078,0.4146086078,0.00,6.25,0.93,0.35,0.09,0.07,6.25,0.93,0.35,0.09,0.07,0.00,0.00
"474",0.14246,0.12337,0.28636,0.27520,0.17261,1.00,0.3973828486,0.3973828486,0.00,6.25,0.63,0.41,0.17,0.07,6.25,0.63,0.41,0.17,0.07,0.00,0.00
"475",0.25103,0.09969,0.27539,0.34170,0.03220,1.00,0.4962987650,0.4962334142,1.00,6.25,0.31,0.34,0.18,0.01,6.25,0.33,0.33,0.18,0.01,1.00,0.00
"476",0.37338,0.29373,0.11143,0.05484,0.16662,1.00,0.6190582893,0.6174762547,1.00,6.25,0.58,0.08,0.02,0.06,6.25,0.58,0.08,0.04,0.04,1.00,0.00
"477",0.20145,0.06604,0.15188,0.18654,0.39409,1.00,0.4207020726,0.4206607476,1.00,6.25,0.25,0.28,0.16,0.15,6.25,0.27,0.27,0.16,0.15,1.00,0.00
"478",0.16265,0.17025,0.25983,0.36951,0.03776,0.00,0.4351523300,0.4351523300,0.00,6.25,0.72,0.34,0.20,0.01,6.25,0.72,0.34,0.20,0.01,0.00,0.00
"479",0.42242,0.11058,0.00526,0.26759,0.19414,1.00,0.6340004352,0.6214319606,1.00,6.25,0.18,0.00,0.17,0.07,6.25,0.18,0.10,0.10,0.07,1.00,0.00
"480",0.13601,0.10865,0.20492,0.18017,0.37025,1.00,0.3765911352,0.3765911352,0.00,6.25,0.59,0.36,0.15,0.14,6.25,0.59,0.36,0.15,0.14,0.00,0.00
"481",0.12973,0.26836,0.41938,0.07937,0.10316,1.00,0.4463336051,0.4463260807,1.00,6.25,1.01,0.40,0.03,0.03,6.25,1.01,0.40,0.03,0.03,1.00,0.00
"482",0.29255,0.05394,0.05946,0.53381,0.06024,1.00,0.5270098909,0.5203868952,1.00,6.25,0.11,0.08,0.28,0.01,6.25,0.22,0.22,0.22,0.01,1.00,0.00
"483",0.65312,0.02877,0.20373,0.09530,0.01907,1.00,0.8673632387,0.8595058767,1.00,6.25,0.01,0.16,0.04,0.00,6.25,0.08,0.08,0.04,0.00,1.00,0.00
"484",0.29869,0.04001,0.20399,0.35891,0.09840,1.00,0.5234358487,0.5194192629,1.00,6.25,0.07,0.29,0.21,0.03,6.25,0.21,0.21,0.21,0.03,1.00,0.00
"485",0.07038,0.30055,0.06303,0.27377,0.29226,1.00,0.3754996105,0.3732339467,1.00,6.25,1.25,0.08,0.20,0.11,6.25,1.25,0.16,0.16,0.11,1.00,0.00
"486",0.16368,0.05418,0.22189,0.29238,0.26787,1.00,0.3974460389,0.3967434666,1.00,6.25,0.25,0.39,0.21,0.10,6.25,0.36,0.36,0.21,0.10,1.00,0.00
"487",0.13985,0.23110,0.13034,0.21628,0.28243,1.00,0.4031756866,0.4031756866,0.00,6.25,0.92,0.18,0.16,0.11,6.25,0.92,0.18,0.16,0.11,0.00,0.00
"488",0.08249,0.27350,0.28455,0.27063,0.08883,0.00,0.3957272475,0.3957272475,0.00,6.25,1.18,0.35,0.15,0.03,6.25,1.18,0.35,0.15,0.03,0.00,0.00
"489",0.17023,0.29677,0.05653,0.34513,0.13133,1.00,0.4555395213,0.4504417676,1.00,6.25,0.94,0.05,0.21,0.05,6.25,0.94,0.16,0.16,0.05,1.00,0.00
"490",0.38073,0.20664,0.15058,0.16059,0.10148,0.00,0.6029131682,0.6029131682,0.00,6.25,0.42,0.13,0.08,0.03,6.25,0.42,0.13,0.08,0.03,0.00,0.00
"491",0.13572,0.17163,0.16494,0.40790,0.11981,1.00,0.3998967933,0.3998967933,0.00,6.25,0.80,0.26,0.23,0.04,6.25,0.80,0.26,0.23,0.04,0.00,0.00
"492",0.28364,0.30057,0.16725,0.15170,0.09683,0.00,0.5440144794,0.5440144794,0.00,6.25,0.72,0.15,0.08,0.03,6.25,0.72,0.15,0.08,0.03,0.00,0.00
"493",0.16356,0.23877,0.29181,0.29831,0.00754,0.00,0.4579238848,0.4579238848,0.00,6.25,0.87,0.33,0.16,0.00,6.25,0.87,0.33,0.16,0.00,0.00,0.00
"494",0.26019,0.20108,0.05111,0.27886,0.20875,1.00,0.4962601055,0.4919272003,1.00,6.25,0.58,0.04,0.18,0.08,6.25,0.58,0.14,0.14,0.08,1.00,0.00
"495",0.18613,0.18888,0.27577,0.29216,0.05706,0.00,0.4527701096,0.4527701096,0.00,6.25,0.70,0.33,0.16,0.01,6.25,0.70,0.33,0.16,0.01,0.00,0.00
"496",0.05533,0.19097,0.02450,0.44227,0.28693,1.00,0.3435415172,0.3367488337,1.00,6.25,1.19,0.04,0.29,0.11,6.25,1.19,0.24,0.24,0.11,1.00,0.00
"497",0.02112,0.24446,0.13348,0.00874,0.59220,1.00,0.3366463651,0.3250034766,1.00,6.25,1.44,0.25,0.00,0.19,6.25,1.44,0.25,0.16,0.16,1.00,0.00
"498",0.56095,0.05858,0.04617,0.29507,0.03922,1.00,0.7716460605,0.7637299584,1.00,6.25,0.05,0.02,0.16,0.01,6.25,0.09,0.09,0.09,0.01,1.00,0.00
"499",0.23006,0.03248,0.20654,0.24075,0.29017,1.00,0.4517978321,0.4475452521,1.00,6.25,0.08,0.34,0.18,0.11,6.25,0.26,0.26,0.18,0.11,1.00,0.00
"500",0.02146,0.33339,0.31581,0.19019,0.13915,0.00,0.3715665322,0.3715665322,0.00,6.25,1.47,0.37,0.11,0.05,6.25,1.47,0.37,0.11,0.05,0.00,0.00
"501",0.12107,0.12994,0.15128,0.19517,0.40253,1.00,0.3651763863,0.3651763863,0.00,6.25,0.73,0.29,0.17,0.15,6.25,0.73,0.29,0.17,0.15,0.00,0.00
"502",0.22488,0.11149,0.21629,0.24125,0.20609,1.00,0.4521856168,0.4521856168,0.00,6.25,0.39,0.30,0.16,0.08,6.25,0.39,0.30,0.16,0.08,0.00,0.00
"503",0.24725,0.13295,0.11251,0.31818,0.18910,1.00,0.4712973029,0.4709459192,1.00,6.25,0.42,0.15,0.20,0.07,6.25,0.42,0.19,0.19,0.07,1.00,0.00
"504",0.27530,0.05343,0.40024,0.12148,0.14955,1.00,0.5170597993,0.5113817924,1.00,6.25,0.12,0.43,0.06,0.05,6.25,0.35,0.35,0.06,0.05,1.00,0.00
"505",0.26180,0.09743,0.10866,0.28938,0.24274,1.00,0.4765388747,0.4763107305,1.00,6.25,0.28,0.16,0.20,0.09,6.25,0.28,0.19,0.19,0.09,1.00,0.00
"506",0.18989,0.10993,0.10023,0.42833,0.17162,1.00,0.4254841980,0.4247364425,1.00,6.25,0.45,0.17,0.26,0.06,6.25,0.45,0.24,0.24,0.06,1.00,0.00
"507",0.35099,0.18093,0.24470,0.17797,0.04541,0.00,0.5840358353,0.5840358353,0.00,6.25,0.40,0.23,0.09,0.01,6.25,0.40,0.23,0.09,0.01,0.00,0.00
"508",0.29467,0.18523,0.09550,0.23633,0.18828,1.00,0.5188720404,0.5182677691,1.00,6.25,0.48,0.10,0.15,0.07,6.25,0.48,0.13,0.13,0.07,1.00,0.00
"509",0.09903,0.16090,0.34119,0.19928,0.19961,0.00,0.3772483656,0.3772483656,0.00,6.25,0.91,0.44,0.13,0.08,6.25,0.91,0.44,0.13,0.08,0.00,0.00
"510",0.12029,0.12067,0.10234,0.36339,0.29331,1.00,0.3659344552,0.3658087312,1.00,6.25,0.70,0.22,0.26,0.11,6.25,0.70,0.25,0.25,0.11,1.00,0.00
"511",0.08941,0.05413,0.38115,0.36156,0.11375,1.00,0.3654149197,0.3653083853,1.00,6.25,0.47,0.55,0.21,0.04,6.25,0.54,0.54,0.21,0.04,1.00,0.00
"512",0.03433,0.23466,0.32670,0.28288,0.12142,0.00,0.3567081479,0.3567081479,0.00,6.25,1.36,0.43,0.17,0.04,6.25,1.36,0.43,0.17,0.04,0.00,0.00
"513",0.28294,0.29521,0.14493,0.13174,0.14518,0.00,0.5383470247,0.5383470247,0.00,6.25,0.71,0.13,0.07,0.05,6.25,0.71,0.13,0.07,0.05,0.00,0.00
"514",0.23746,0.10074,0.30706,0.20122,0.15352,1.00,0.4724657844,0.4723824510,1.00,6.25,0.33,0.37,0.12,0.06,6.25,0.36,0.36,0.12,0.06,1.00,0.00
"515",0.23995,0.12723,0.26743,0.07070,0.29469,1.00,0.4739393004,0.4712070088,1.00,6.25,0.41,0.33,0.04,0.11,6.25,0.41,0.33,0.09,0.09,1.00,0.00
"516",0.42323,0.29088,0.13115,0.14624,0.00850,0.00,0.6724652440,0.6724652440,0.00,6.25,0.52,0.09,0.07,0.00,6.25,0.52,0.09,0.07,0.00,0.00,0.00
"517",0.23272,0.09000,0.18779,0.01834,0.47115,1.00,0.4620951349,0.4515312796,1.00,6.25,0.30,0.28,0.01,0.17,6.25,0.30,0.28,0.12,0.12,1.00,0.00
"518",0.18352,0.12342,0.18193,0.10712,0.40402,1.00,0.4157876421,0.4145832259,1.00,6.25,0.51,0.28,0.09,0.15,6.25,0.51,0.28,0.13,0.13,1.00,0.00
"519",0.04912,0.05597,0.34613,0.13534,0.41344,1.00,0.3202629991,0.3199215876,1.00,6.25,0.75,0.57,0.12,0.15,6.25,0.75,0.57,0.14,0.14,1.00,0.00
"520",0.35788,0.24860,0.04046,0.33599,0.01706,1.00,0.6117303798,0.6031971905,1.00,6.25,0.53,0.02,0.18,0.00,6.25,0.53,0.12,0.12,0.00,1.00,0.00
"521",0.19290,0.48326,0.02038,0.18042,0.12304,1.00,0.5349876197,0.5289744457,1.00,6.25,1.09,0.00,0.10,0.04,6.25,1.09,0.05,0.05,0.04,1.00,0.00
"522",0.20517,0.26676,0.39954,0.11247,0.01606,0.00,0.5085962553,0.5085962553,0.00,6.25,0.82,0.36,0.05,0.00,6.25,0.82,0.36,0.05,0.00,0.00,0.00
"523",0.32503,0.00254,0.29453,0.18404,0.19387,1.00,0.5534679993,0.5354874752,1.00,6.25,0.00,0.37,0.11,0.07,6.25,0.23,0.23,0.11,0.07,1.00,0.00
"524",0.14461,0.28613,0.13729,0.32955,0.10241,1.00,0.4327568429,0.4326558331,1.00,6.25,1.00,0.17,0.19,0.03,6.25,1.00,0.18,0.18,0.03,1.00,0.00
"525",0.21237,0.20380,0.16254,0.12504,0.29626,1.00,0.4540647318,0.4537148206,1.00,6.25,0.68,0.20,0.08,0.11,6.25,0.68,0.20,0.10,0.10,1.00,0.00
"526",0.17693,0.09664,0.25068,0.22165,0.25410,1.00,0.4128400238,0.4128400238,0.00,6.25,0.43,0.37,0.15,0.10,6.25,0.43,0.37,0.15,0.10,0.00,0.00
"527",0.21581,0.15320,0.53953,0.01952,0.07194,1.00,0.5145187489,0.5136096819,1.00,6.25,0.54,0.46,0.00,0.02,6.25,0.54,0.46,0.01,0.01,1.00,0.00
"528",0.27990,0.04148,0.12086,0.31301,0.24474,1.00,0.4926219468,0.4907564502,1.00,6.25,0.08,0.20,0.21,0.10,6.25,0.19,0.19,0.19,0.10,2.00,0.00
"529",0.22348,0.11445,0.46228,0.16679,0.03300,1.00,0.4953239176,0.4952227177,1.00,6.25,0.40,0.45,0.08,0.01,6.25,0.44,0.44,0.08,0.01,1.00,0.00
"530",0.22166,0.07730,0.16459,0.08112,0.45534,1.00,0.4419336651,0.4393015491,1.00,6.25,0.26,0.27,0.07,0.16,6.25,0.27,0.27,0.14,0.14,2.00,0.00
"531",0.06566,0.26716,0.28574,0.26387,0.11756,0.00,0.3802844094,0.3802844094,0.00,6.25,1.24,0.36,0.16,0.04,6.25,1.24,0.36,0.16,0.04,0.00,0.00
"532",0.21766,0.06776,0.27127,0.15828,0.28502,1.00,0.4457791216,0.4447710772,1.00,6.25,0.23,0.38,0.11,0.11,6.25,0.34,0.34,0.11,0.11,2.00,0.00
"533",0.57599,0.20742,0.04247,0.14592,0.02820,1.00,0.7965180421,0.7942791865,1.00,6.25,0.27,0.01,0.07,0.00,6.25,0.27,0.04,0.04,0.00,1.00,0.00
"534",0.06963,0.20045,0.10497,0.33650,0.28845,1.00,0.3478528295,0.3477117177,1.00,6.25,1.13,0.20,0.24,0.11,6.25,1.13,0.23,0.23,0.11,1.00,0.00
"535",0.41906,0.14615,0.04718,0.02075,0.36686,1.00,0.6342533807,0.6224277977,1.00,6.25,0.26,0.03,0.01,0.14,6.25,0.26,0.08,0.08,0.08,1.00,0.00
"536",0.06381,0.20910,0.15638,0.30629,0.26442,1.00,0.3477003193,0.3477003193,0.00,6.25,1.18,0.28,0.21,0.10,6.25,1.18,0.28,0.21,0.10,0.00,0.00
"537",0.25182,0.07988,0.30900,0.13407,0.22523,1.00,0.4814253377,0.4803815444,1.00,6.25,0.24,0.38,0.08,0.09,6.25,0.34,0.34,0.09,0.09,2.00,0.00
"538",0.10918,0.29498,0.01737,0.32276,0.25571,1.00,0.4093114966,0.3991260579,1.00,6.25,1.11,0.01,0.22,0.10,6.25,1.11,0.15,0.15,0.10,1.00,0.00
"539",0.16384,0.20974,0.22672,0.28166,0.11803,0.00,0.4292991122,0.4292991122,0.00,6.25,0.81,0.29,0.17,0.04,6.25,0.81,0.29,0.17,0.04,0.00,0.00
"540",0.14544,0.09608,0.33665,0.17928,0.24255,1.00,0.3975212139,0.3975212139,0.00,6.25,0.51,0.45,0.12,0.09,6.25,0.51,0.45,0.12,0.09,0.00,0.00
"541",0.19962,0.17012,0.09984,0.00927,0.52115,1.00,0.4454267073,0.4330796271,1.00,6.25,0.62,0.14,0.00,0.18,6.25,0.62,0.14,0.14,0.14,1.00,0.00
"542",0.14457,0.38752,0.12411,0.08185,0.26196,1.00,0.4565233583,0.4548635473,1.00,6.25,1.11,0.12,0.04,0.10,6.25,1.11,0.12,0.08,0.08,1.00,0.00
"543",0.05515,0.12661,0.66721,0.11948,0.03155,1.00,0.4033288029,0.4033288029,0.00,6.25,1.05,0.58,0.05,0.00,6.25,1.05,0.58,0.05,0.00,0.00,0.00
"544",0.25113,0.06806,0.26955,0.12376,0.28749,1.00,0.4751156646,0.4733312211,1.00,6.25,0.19,0.36,0.08,0.11,6.25,0.31,0.31,0.10,0.10,2.00,0.00
"545",0.29769,0.31441,0.18738,0.19174,0.00877,0.00,0.5722945071,0.5722945071,0.00,6.25,0.72,0.16,0.09,0.00,6.25,0.72,0.16,0.09,0.00,0.00,0.00
"546",0.31790,0.03227,0.03676,0.32846,0.28461,1.00,0.5310875959,0.5223664553,1.00,6.25,0.04,0.04,0.23,0.11,6.25,0.15,0.15,0.15,0.11,1.00,0.00
"547",0.24738,0.10787,0.13396,0.25442,0.25637,1.00,0.4645186305,0.4645186305,0.00,6.25,0.34,0.20,0.18,0.10,6.25,0.34,0.20,0.18,0.10,0.00,0.00
"548",0.04627,0.06628,0.23889,0.56641,0.08215,1.00,0.3341574684,0.3341574684,0.00,6.25,0.86,0.52,0.29,0.02,6.25,0.86,0.52,0.29,0.02,0.00,0.00
"549",0.06424,0.14994,0.49653,0.10594,0.18334,1.00,0.3749718118,0.3748402126,1.00,6.25,1.06,0.53,0.05,0.07,6.25,1.06,0.53,0.06,0.06,1.00,0.00
"550",0.24116,0.28698,0.13270,0.29259,0.04657,1.00,0.5122333435,0.5120236743,1.00,6.25,0.77,0.13,0.16,0.01,6.25,0.77,0.15,0.15,0.01,1.00,0.00
"551",0.23145,0.00972,0.13946,0.07858,0.54080,1.00,0.4533180456,0.4441535566,1.00,6.25,0.01,0.28,0.08,0.18,6.25,0.17,0.17,0.16,0.16,2.00,0.00
"552",0.21871,0.13778,0.49847,0.05711,0.08793,1.00,0.5000199486,0.4999055392,1.00,6.25,0.49,0.45,0.02,0.03,6.25,0.49,0.45,0.02,0.02,1.00,0.00
"553",0.09712,0.34436,0.28624,0.11117,0.16112,1.00,0.4216986146,0.4216900930,1.00,6.25,1.20,0.30,0.06,0.06,6.25,1.20,0.30,0.06,0.06,1.00,0.00
"554",0.13656,0.23157,0.27833,0.20689,0.14665,0.00,0.4162007948,0.4162007948,0.00,6.25,0.93,0.33,0.12,0.05,6.25,0.93,0.33,0.12,0.05,0.00,0.00
"555",0.25768,0.22633,0.18898,0.20350,0.12351,0.00,0.5022911124,0.5022911124,0.00,6.25,0.63,0.20,0.12,0.04,6.25,0.63,0.20,0.12,0.04,0.00,0.00
"556",0.32536,0.16121,0.26976,0.20237,0.04130,1.00,0.5615670857,0.5615670857,0.00,6.25,0.39,0.27,0.10,0.01,6.25,0.39,0.27,0.10,0.01,0.00,0.00
"557",0.04416,0.25947,0.35976,0.24770,0.08891,0.00,0.3752933831,0.3752933831,0.00,6.25,1.33,0.42,0.14,0.03,6.25,1.33,0.42,0.14,0.03,0.00,0.00
"558",0.20692,0.37118,0.02640,0.17214,0.22336,1.00,0.5029765476,0.4979549997,1.00,6.25,0.96,0.01,0.11,0.09,6.25,0.96,0.08,0.08,0.08,1.00,0.00
"559",0.11175,0.25538,0.13874,0.17856,0.31557,1.00,0.3890520698,0.3890520698,0.00,6.25,1.05,0.20,0.13,0.12,6.25,1.05,0.20,0.13,0.12,0.00,0.00
"560",0.23284,0.09711,0.35128,0.22764,0.09113,1.00,0.4784209763,0.4781352641,1.00,6.25,0.32,0.40,0.13,0.03,6.25,0.38,0.38,0.13,0.03,1.00,0.00
"561",0.17181,0.28965,0.03976,0.27757,0.22122,1.00,0.4499989290,0.4442518388,1.00,6.25,0.93,0.03,0.19,0.09,6.25,0.93,0.13,0.13,0.09,1.00,0.00
"562",0.29466,0.10339,0.17383,0.40185,0.02627,1.00,0.5294503792,0.5294503792,0.00,6.25,0.27,0.22,0.21,0.00,6.25,0.27,0.22,0.21,0.00,0.00,0.00
"563",0.20510,0.04528,0.35149,0.25336,0.14477,1.00,0.4496574198,0.4455869202,1.00,6.25,0.15,0.45,0.15,0.05,6.25,0.38,0.38,0.15,0.05,1.00,0.00
"564",0.37389,0.20941,0.25075,0.08218,0.08377,0.00,0.6091933952,0.6091933952,0.00,6.25,0.44,0.22,0.03,0.02,6.25,0.44,0.22,0.03,0.02,0.00,0.00
"565",0.32615,0.19397,0.11813,0.24884,0.11291,1.00,0.5518543684,0.5516426988,1.00,6.25,0.46,0.11,0.15,0.04,6.25,0.46,0.13,0.13,0.04,1.00,0.00
"566",0.01386,0.14673,0.29264,0.24768,0.29909,0.00,0.3119888152,0.3119888152,0.00,6.25,1.42,0.50,0.18,0.12,6.25,1.42,0.50,0.18,0.12,0.00,0.00
"567",0.13273,0.16010,0.24789,0.01406,0.44523,1.00,0.4002711521,0.3888158659,1.00,6.25,0.78,0.36,0.00,0.16,6.25,0.78,0.36,0.12,0.12,1.00,0.00
"568",0.01200,0.30676,0.22437,0.33832,0.11856,0.00,0.3538504797,0.3538504797,0.00,6.25,1.50,0.32,0.20,0.04,6.25,1.50,0.32,0.20,0.04,0.00,0.00
"569",0.22298,0.18431,0.22629,0.23946,0.12696,0.00,0.4678332935,0.4678332935,0.00,6.25,0.61,0.27,0.14,0.04,6.25,0.61,0.27,0.14,0.04,0.00,0.00
"570",0.13314,0.34033,0.00051,0.09989,0.42614,1.00,0.4425308739,0.4298302206,1.00,6.25,1.09,0.00,0.08,0.16,6.25,1.09,0.11,0.11,0.11,2.00,0.00
"571",0.09950,0.25188,0.31623,0.17097,0.16142,0.00,0.3988110982,0.3988110982,0.00,6.25,1.09,0.37,0.10,0.06,6.25,1.09,0.37,0.10,0.06,0.00,0.00
"572",0.06515,0.14190,0.38906,0.31639,0.08750,0.00,0.3655528601,0.3655528601,0.00,6.25,1.03,0.50,0.18,0.03,6.25,1.03,0.50,0.18,0.03,0.00,0.00
"573",0.25431,0.11524,0.22791,0.24727,0.15526,1.00,0.4805393935,0.4805393935,0.00,6.25,0.35,0.29,0.15,0.06,6.25,0.35,0.29,0.15,0.06,0.00,0.00
"574",0.10805,0.37932,0.12738,0.23785,0.14741,1.00,0.4281458858,0.4281256912,1.00,6.25,1.20,0.13,0.14,0.05,6.25,1.20,0.14,0.14,0.05,1.00,0.00
"575",0.06790,0.07145,0.13334,0.19218,0.53514,1.00,0.3146641708,0.3146641708,0.00,6.25,0.72,0.38,0.21,0.18,6.25,0.72,0.38,0.21,0.18,0.00,0.00
"576",0.31480,0.20556,0.18275,0.06403,0.23287,1.00,0.5457587971,0.5434388155,1.00,6.25,0.50,0.18,0.03,0.09,6.25,0.50,0.18,0.07,0.07,1.00,0.00
"577",0.20949,0.16831,0.05725,0.19850,0.36645,1.00,0.4423092161,0.4407186230,1.00,6.25,0.59,0.07,0.16,0.14,6.25,0.59,0.13,0.13,0.13,1.00,0.00
"578",0.28256,0.30860,0.18374,0.03887,0.18623,1.00,0.5493243896,0.5461247310,1.00,6.25,0.74,0.16,0.01,0.07,6.25,0.74,0.16,0.04,0.04,1.00,0.00
"579",0.28005,0.24882,0.11598,0.06128,0.29387,1.00,0.5236435111,0.5201809976,1.00,6.25,0.64,0.11,0.03,0.11,6.25,0.64,0.11,0.08,0.08,1.00,0.00
"580",0.12552,0.11998,0.30657,0.09030,0.35764,1.00,0.3838931512,0.3819600295,1.00,6.25,0.67,0.43,0.06,0.14,6.25,0.67,0.43,0.11,0.11,1.00,0.00
"581",0.26977,0.22634,0.15194,0.17809,0.17385,0.00,0.5075928620,0.5075928620,0.00,6.25,0.61,0.16,0.11,0.07,6.25,0.61,0.16,0.11,0.07,0.00,0.00
"582",0.04552,0.36935,0.16248,0.06939,0.35326,1.00,0.3826055353,0.3792479135,1.00,6.25,1.39,0.20,0.04,0.13,6.25,1.39,0.20,0.10,0.10,1.00,0.00
"583",0.28716,0.04077,0.37156,0.16977,0.13074,1.00,0.5243731232,0.5164436486,1.00,6.25,0.08,0.41,0.09,0.05,6.25,0.32,0.32,0.09,0.05,1.00,0.00
"584",0.04118,0.10924,0.30090,0.26497,0.28371,0.00,0.3215913001,0.3215913001,0.00,6.25,1.11,0.51,0.19,0.11,6.25,1.11,0.51,0.19,0.11,0.00,0.00
"585",0.04659,0.26694,0.35263,0.29524,0.03860,0.00,0.3856204293,0.3856204293,0.00,6.25,1.32,0.41,0.16,0.01,6.25,1.32,0.41,0.16,0.01,0.00,0.00
"586",0.23425,0.11097,0.00667,0.33711,0.31100,1.00,0.4641264642,0.4519495156,1.00,6.25,0.37,0.00,0.25,0.12,6.25,0.37,0.17,0.17,0.12,1.00,0.00
"587",0.07269,0.27513,0.28912,0.25770,0.10535,0.00,0.3882806986,0.3882806986,0.00,6.25,1.22,0.35,0.15,0.03,6.25,1.22,0.35,0.15,0.03,0.00,0.00
"588",0.10995,0.12623,0.19763,0.45199,0.11420,1.00,0.3763873782,0.3763873782,0.00,6.25,0.76,0.36,0.25,0.04,6.25,0.76,0.36,0.25,0.04,0.00,0.00
"589",0.36858,0.19607,0.25350,0.18011,0.00173,0.00,0.6108711141,0.6108711141,0.00,6.25,0.42,0.23,0.09,0.00,6.25,0.42,0.23,0.09,0.00,0.00,0.00
"590",0.35329,0.13539,0.25266,0.03015,0.22851,1.00,0.5777520697,0.5724591456,1.00,6.25,0.29,0.26,0.01,0.09,6.25,0.29,0.26,0.05,0.05,1.00,0.00
"591",0.35536,0.09253,0.18918,0.04856,0.31438,1.00,0.5663246328,0.5612606849,1.00,6.25,0.18,0.22,0.02,0.12,6.25,0.20,0.20,0.09,0.09,2.00,0.00
"592",0.31168,0.26677,0.16095,0.15387,0.10673,0.00,0.5571817141,0.5571817141,0.00,6.25,0.62,0.14,0.08,0.03,6.25,0.62,0.14,0.08,0.03,0.00,0.00
"593",0.05539,0.28894,0.25359,0.20916,0.19292,0.00,0.3711457412,0.3711457412,0.00,6.25,1.30,0.33,0.13,0.07,6.25,1.30,0.33,0.13,0.07,0.00,0.00
"594",0.01198,0.26247,0.23801,0.12490,0.36263,1.00,0.3333459113,0.3328054418,1.00,6.25,1.49,0.36,0.10,0.14,6.25,1.49,0.36,0.12,0.12,1.00,0.00
"595",0.16926,0.39062,0.04538,0.12070,0.27404,1.00,0.4774562708,0.4746392619,1.00,6.25,1.06,0.03,0.08,0.11,6.25,1.06,0.08,0.08,0.08,2.00,0.00
"596",0.04803,0.03632,0.28119,0.38589,0.24857,1.00,0.3164396536,0.3164391030,1.00,6.25,0.57,0.57,0.26,0.10,6.25,0.57,0.57,0.26,0.10,1.00,0.00
"597",0.25276,0.18666,0.32870,0.03238,0.19950,1.00,0.5093833119,0.5051865725,1.00,6.25,0.56,0.33,0.01,0.08,6.25,0.56,0.33,0.05,0.05,1.00,0.00
"598",0.06817,0.05562,0.29742,0.24131,0.33748,1.00,0.3286728286,0.3286728286,0.00,6.25,0.60,0.54,0.19,0.13,6.25,0.60,0.54,0.19,0.13,0.00,0.00
"599",0.21627,0.23449,0.19422,0.22573,0.12928,0.00,0.4711901876,0.4711901876,0.00,6.25,0.73,0.22,0.13,0.05,6.25,0.73,0.22,0.13,0.05,0.00,0.00
"600",0.08894,0.36341,0.07015,0.02413,0.45337,1.00,0.4153228286,0.4050887461,1.00,6.25,1.24,0.07,0.01,0.16,6.25,1.24,0.11,0.11,0.11,1.00,0.00
"601",0.19142,0.05336,0.26516,0.16872,0.32134,1.00,0.4222126222,0.4205427339,1.00,6.25,0.20,0.41,0.13,0.12,6.25,0.35,0.35,0.13,0.12,1.00,0.00
"602",0.39039,0.05286,0.40484,0.13669,0.01522,1.00,0.6356256409,0.6265813759,1.00,6.25,0.07,0.37,0.06,0.00,6.25,0.28,0.28,0.06,0.00,1.00,0.00
"603",0.43499,0.02898,0.06844,0.23232,0.23527,1.00,0.6364190160,0.6311820692,1.00,6.25,0.02,0.07,0.16,0.09,6.25,0.10,0.10,0.10,0.09,2.00,0.00
"604",0.10195,0.18206,0.26801,0.21613,0.23185,0.00,0.3749396864,0.3749396864,0.00,6.25,0.95,0.38,0.15,0.09,6.25,0.95,0.38,0.15,0.09,0.00,0.00
"605",0.38320,0.26932,0.22192,0.00591,0.11964,1.00,0.6362035258,0.6323447002,1.00,6.25,0.53,0.18,0.00,0.04,6.25,0.53,0.18,0.02,0.02,1.00,0.00
"606",0.06608,0.36833,0.27138,0.26887,0.02534,0.00,0.4190488806,0.4190488806,0.00,6.25,1.32,0.30,0.14,0.00,6.25,1.32,0.30,0.14,0.00,0.00,0.00
"607",0.12899,0.28642,0.06192,0.24125,0.28142,1.00,0.4123347139,0.4101440262,1.00,6.25,1.04,0.07,0.17,0.11,6.25,1.04,0.14,0.14,0.11,1.00,0.00
"608",0.06367,0.23100,0.28748,0.11614,0.30171,1.00,0.3634217874,0.3628330655,1.00,6.25,1.21,0.39,0.08,0.12,6.25,1.21,0.39,0.10,0.10,1.00,0.00
"609",0.08456,0.06135,0.38935,0.07324,0.39151,1.00,0.3553775410,0.3521572655,1.00,6.25,0.55,0.55,0.05,0.15,6.25,0.55,0.55,0.12,0.12,2.00,0.00
"610",0.30919,0.05356,0.19205,0.07373,0.37147,1.00,0.5215896375,0.5164046339,1.00,6.25,0.10,0.26,0.05,0.14,6.25,0.21,0.21,0.11,0.11,2.00,0.00
"611",0.06960,0.02506,0.24776,0.27702,0.38056,1.00,0.3230343646,0.3220578103,1.00,6.25,0.27,0.55,0.23,0.14,6.25,0.51,0.51,0.23,0.14,1.00,0.00
"612",0.08017,0.24331,0.08156,0.34737,0.24759,1.00,0.3679595711,0.3666097394,1.00,6.25,1.15,0.13,0.23,0.10,6.25,1.15,0.21,0.21,0.10,1.00,0.00
"613",0.24628,0.31385,0.22761,0.18528,0.02697,0.00,0.5297245255,0.5297245255,0.00,6.25,0.81,0.21,0.09,0.00,6.25,0.81,0.21,0.09,0.00,0.00,0.00
"614",0.04516,0.19660,0.33710,0.25989,0.16125,0.00,0.3519496416,0.3519496416,0.00,6.25,1.26,0.45,0.16,0.06,6.25,1.26,0.45,0.16,0.06,0.00,0.00
"615",0.27655,0.14122,0.25303,0.30534,0.02385,1.00,0.5205318573,0.5205318573,0.00,6.25,0.40,0.29,0.16,0.00,6.25,0.40,0.29,0.16,0.00,0.00,0.00
"616",0.28068,0.26119,0.20333,0.10993,0.14487,1.00,0.5312645113,0.5312645113,0.00,6.25,0.66,0.19,0.05,0.05,6.25,0.66,0.19,0.05,0.05,0.00,0.00
"617",0.26893,0.24104,0.31810,0.17132,0.00061,0.00,0.5434729213,0.5434729213,0.00,6.25,0.64,0.29,0.08,0.00,6.25,0.64,0.29,0.08,0.00,0.00,0.00
"618",0.27439,0.01245,0.30027,0.03402,0.37887,1.00,0.5118626303,0.4909984779,1.00,6.25,0.01,0.40,0.01,0.14,6.25,0.28,0.28,0.10,0.10,2.00,0.00
"619",0.25347,0.17276,0.13337,0.21966,0.22074,1.00,0.4803108505,0.4803108505,0.00,6.25,0.52,0.16,0.15,0.09,6.25,0.52,0.16,0.15,0.09,0.00,0.00
"620",0.24438,0.27662,0.10909,0.07501,0.29490,1.00,0.5003650067,0.4979304874,1.00,6.25,0.75,0.10,0.04,0.11,6.25,0.75,0.10,0.09,0.09,1.00,0.00
"621",0.36228,0.16932,0.01941,0.29293,0.15606,1.00,0.5857804266,0.5754518288,1.00,6.25,0.36,0.01,0.18,0.06,6.25,0.36,0.11,0.11,0.06,1.00,0.00
"622",0.07713,0.39717,0.13628,0.02750,0.36193,1.00,0.4171642097,0.4087896342,1.00,6.25,1.30,0.15,0.01,0.14,6.25,1.30,0.15,0.09,0.09,1.00,0.00
"623",0.25455,0.12601,0.19757,0.27169,0.15017,1.00,0.4805364061,0.4805364061,0.00,6.25,0.39,0.26,0.17,0.06,6.25,0.39,0.26,0.17,0.06,0.00,0.00
"624",0.12155,0.24487,0.33885,0.16439,0.13033,0.00,0.4170786240,0.4170786240,0.00,6.25,1.00,0.38,0.09,0.05,6.25,1.00,0.38,0.09,0.05,0.00,0.00
"625",0.06450,0.05373,0.32673,0.20445,0.35059,1.00,0.3284247527,0.3284247527,0.00,6.25,0.61,0.55,0.16,0.13,6.25,0.61,0.55,0.16,0.13,0.00,0.00
"626",0.26348,0.09425,0.20666,0.11725,0.31837,1.00,0.4808718587,0.4802416992,1.00,6.25,0.27,0.28,0.08,0.12,6.25,0.28,0.28,0.11,0.11,2.00,0.00
"627",0.11726,0.08575,0.21397,0.45855,0.12447,1.00,0.3758248163,0.3758248163,0.00,6.25,0.55,0.40,0.26,0.04,6.25,0.55,0.40,0.26,0.04,0.00,0.00
"628",0.01635,0.17244,0.27286,0.35687,0.18149,0.00,0.3238400749,0.3238400749,0.00,6.25,1.42,0.46,0.22,0.07,6.25,1.42,0.46,0.22,0.07,0.00,0.00
"629",0.25502,0.25550,0.02684,0.19783,0.26482,1.00,0.5062039936,0.5005628645,1.00,6.25,0.70,0.01,0.14,0.10,6.25,0.70,0.09,0.09,0.09,1.00,0.00
"630",0.22576,0.16506,0.12820,0.22251,0.25847,1.00,0.4549366504,0.4549366504,0.00,6.25,0.55,0.17,0.16,0.10,6.25,0.55,0.17,0.16,0.10,0.00,0.00
"631",0.15302,0.18198,0.23325,0.22416,0.20759,0.00,0.4093763015,0.4093763015,0.00,6.25,0.77,0.32,0.15,0.08,6.25,0.77,0.32,0.15,0.08,0.00,0.00
"632",0.14720,0.03475,0.28393,0.39834,0.13577,1.00,0.3997020845,0.3967765037,1.00,6.25,0.16,0.47,0.23,0.05,6.25,0.41,0.41,0.23,0.05,1.00,0.00
"633",0.12920,0.15667,0.21069,0.26668,0.23676,0.00,0.3841301283,0.3841301283,0.00,6.25,0.78,0.33,0.18,0.09,6.25,0.78,0.33,0.18,0.09,0.00,0.00
"634",0.06145,0.32782,0.18991,0.00709,0.41374,1.00,0.3918434729,0.3789989220,1.00,6.25,1.31,0.25,0.00,0.15,6.25,1.31,0.25,0.10,0.10,1.00,0.00
"635",0.25447,0.26419,0.22769,0.18825,0.06541,0.00,0.5172430239,0.5172430239,0.00,6.25,0.71,0.22,0.10,0.02,6.25,0.71,0.22,0.10,0.02,0.00,0.00
"636",0.13622,0.29729,0.24765,0.11175,0.20709,1.00,0.4297705277,0.4295944060,1.00,6.25,1.03,0.28,0.06,0.08,6.25,1.03,0.28,0.07,0.07,1.00,0.00
"637",0.06893,0.15355,0.22902,0.31764,0.23086,0.00,0.3444953834,0.3444953834,0.00,6.25,1.04,0.40,0.21,0.09,6.25,1.04,0.40,0.21,0.09,0.00,0.00
"638",0.10136,0.20997,0.06219,0.34394,0.28255,1.00,0.3734991163,0.3710074790,1.00,6.25,1.01,0.10,0.24,0.11,6.25,1.01,0.20,0.20,0.11,1.00,0.00
"639",0.24690,0.09871,0.29746,0.21905,0.13788,1.00,0.4801716572,0.4800374729,1.00,6.25,0.31,0.36,0.13,0.05,6.25,0.35,0.35,0.13,0.05,1.00,0.00
"640",0.18231,0.28016,0.34034,0.07262,0.12456,1.00,0.4765819309,0.4763612680,1.00,6.25,0.89,0.33,0.03,0.04,6.25,0.89,0.33,0.04,0.04,1.00,0.00
"641",0.00060,0.14335,0.22557,0.43732,0.19315,0.00,0.3067996636,0.3067996636,0.00,6.25,1.56,0.47,0.27,0.07,6.25,1.56,0.47,0.27,0.07,0.00,0.00
"642",0.07571,0.44268,0.28369,0.09334,0.10459,1.00,0.4418753668,0.4418753668,0.00,6.25,1.33,0.27,0.04,0.03,6.25,1.33,0.27,0.04,0.03,0.00,0.00
"643",0.24965,0.25667,0.20655,0.23665,0.05048,0.00,0.5121884737,0.5121884737,0.00,6.25,0.71,0.21,0.13,0.01,6.25,0.71,0.21,0.13,0.01,0.00,0.00
"644",0.25734,0.01837,0.18711,0.35699,0.18018,1.00,0.4832326513,0.4761297599,1.00,6.25,0.02,0.31,0.22,0.07,6.25,0.22,0.22,0.22,0.07,1.00,0.00
"645",0.05577,0.06457,0.22744,0.26954,0.38268,1.00,0.3144764821,0.3144764821,0.00,6.25,0.76,0.50,0.22,0.14,6.25,0.76,0.50,0.22,0.14,0.00,0.00
"646",0.09297,0.30764,0.26872,0.16778,0.16288,0.00,0.4043773165,0.4043773165,0.00,6.25,1.18,0.31,0.10,0.06,6.25,1.18,0.31,0.10,0.06,0.00,0.00
"647",0.09519,0.21792,0.27003,0.24394,0.17292,0.00,0.3817340668,0.3817340668,0.00,6.25,1.05,0.36,0.15,0.07,6.25,1.05,0.36,0.15,0.07,0.00,0.00
"648",0.11872,0.41870,0.00988,0.04812,0.40459,1.00,0.4598621878,0.4457340888,1.00,6.25,1.20,0.00,0.03,0.15,6.25,1.20,0.09,0.09,0.09,2.00,0.00
"649",0.37942,0.22879,0.08131,0.30923,0.00126,1.00,0.6241852588,0.6210554933,1.00,6.25,0.47,0.06,0.16,0.00,6.25,0.47,0.12,0.12,0.00,1.00,0.00
"650",0.15405,0.26206,0.12534,0.29495,0.16360,1.00,0.4273387588,0.4272218779,1.00,6.25,0.93,0.16,0.18,0.06,6.25,0.93,0.17,0.17,0.06,1.00,0.00
"651",0.40534,0.43476,0.08162,0.01165,0.06662,1.00,0.7042407268,0.7031117440,1.00,6.25,0.73,0.04,0.00,0.02,6.25,0.73,0.04,0.01,0.01,1.00,0.00
"652",0.22225,0.23725,0.01308,0.27255,0.25487,1.00,0.4788479592,0.4684717566,1.00,6.25,0.72,0.00,0.19,0.10,6.25,0.72,0.12,0.12,0.10,1.00,0.00
"653",0.21959,0.14542,0.18821,0.18454,0.26224,1.00,0.4488190987,0.4488190987,0.00,6.25,0.51,0.26,0.13,0.10,6.25,0.51,0.26,0.13,0.10,0.00,0.00
"654",0.10707,0.38325,0.32155,0.06033,0.12781,1.00,0.4506655173,0.4500877423,1.00,6.25,1.20,0.31,0.02,0.04,6.25,1.20,0.31,0.03,0.03,1.00,0.00
"655",0.22457,0.18824,0.25952,0.14029,0.18739,1.00,0.4700959251,0.4700959251,0.00,6.25,0.61,0.30,0.08,0.07,6.25,0.61,0.30,0.08,0.07,0.00,0.00
"656",0.37936,0.34066,0.07797,0.09101,0.11100,1.00,0.6385004501,0.6385004501,0.00,6.25,0.64,0.04,0.04,0.04,6.25,0.64,0.04,0.04,0.04,0.00,0.00
"657",0.27053,0.23812,0.03316,0.29757,0.16063,1.00,0.5188661582,0.5111281661,1.00,6.25,0.64,0.02,0.18,0.06,6.25,0.64,0.12,0.12,0.06,1.00,0.00
"658",0.34194,0.23007,0.16670,0.07083,0.19045,1.00,0.5741899193,0.5729730590,1.00,6.25,0.51,0.15,0.03,0.07,6.25,0.51,0.15,0.06,0.06,1.00,0.00
"659",0.21378,0.21402,0.15461,0.21586,0.20173,1.00,0.4583798620,0.4583798620,0.00,6.25,0.69,0.19,0.14,0.08,6.25,0.69,0.19,0.14,0.08,0.00,0.00
"660",0.17584,0.23121,0.13431,0.34185,0.11678,1.00,0.4404895197,0.4403642103,1.00,6.25,0.82,0.17,0.20,0.04,6.25,0.82,0.19,0.19,0.04,1.00,0.00
"661",0.14882,0.13245,0.15829,0.24203,0.31842,0.00,0.3882076459,0.3882076459,0.00,6.25,0.64,0.27,0.18,0.12,6.25,0.64,0.27,0.18,0.12,0.00,0.00
"662",0.05791,0.08238,0.24854,0.22367,0.38750,1.00,0.3199721490,0.3199721490,0.00,6.25,0.86,0.49,0.19,0.14,6.25,0.86,0.49,0.19,0.14,0.00,0.00
"663",0.06963,0.23222,0.18384,0.32361,0.19071,1.00,0.3620799722,0.3620799722,0.00,6.25,1.18,0.29,0.21,0.07,6.25,1.18,0.29,0.21,0.07,0.00,0.00
"664",0.12752,0.19376,0.20900,0.26502,0.20470,0.00,0.3920951368,0.3920951368,0.00,6.25,0.88,0.30,0.17,0.08,6.25,0.88,0.30,0.17,0.08,0.00,0.00
"665",0.39913,0.01619,0.45424,0.03935,0.09108,1.00,0.6542172209,0.6330060880,1.00,6.25,0.01,0.41,0.01,0.03,6.25,0.28,0.28,0.02,0.02,2.00,0.00
"666",0.26296,0.07734,0.27767,0.07880,0.30323,1.00,0.4889973045,0.4857087577,1.00,6.25,0.21,0.35,0.04,0.12,6.25,0.31,0.31,0.09,0.09,2.00,0.00
"667",0.23887,0.23203,0.19961,0.15027,0.17922,0.00,0.4864705208,0.4864705208,0.00,6.25,0.68,0.22,0.09,0.07,6.25,0.68,0.22,0.09,0.07,0.00,0.00
"668",0.14580,0.35859,0.08835,0.23844,0.16883,1.00,0.4484032628,0.4474083444,1.00,6.25,1.08,0.08,0.15,0.06,6.25,1.08,0.12,0.12,0.06,1.00,0.00
"669",0.25615,0.28614,0.21368,0.04818,0.19585,1.00,0.5219012138,0.5192035526,1.00,6.25,0.75,0.20,0.02,0.08,6.25,0.75,0.20,0.05,0.05,1.00,0.00
"670",0.67714,0.04221,0.06267,0.12356,0.09442,1.00,0.8778024870,0.8766631387,1.00,6.25,0.02,0.03,0.06,0.03,6.25,0.04,0.04,0.04,0.03,2.00,0.00
"671",0.23619,0.11119,0.14950,0.45512,0.04801,1.00,0.4781844960,0.4781303077,1.00,6.25,0.37,0.22,0.24,0.01,6.25,0.37,0.24,0.24,0.01,1.00,0.00
"672",0.01288,0.23807,0.32331,0.30174,0.12401,0.00,0.3447347317,0.3447347317,0.00,6.25,1.48,0.44,0.18,0.04,6.25,1.48,0.44,0.18,0.04,0.00,0.00
"673",0.17534,0.14492,0.19944,0.22384,0.25646,0.00,0.4145821849,0.4145821849,0.00,6.25,0.61,0.29,0.16,0.10,6.25,0.61,0.29,0.16,0.10,0.00,0.00
"674",0.18281,0.12370,0.29894,0.24416,0.15038,1.00,0.4305597860,0.4305597860,0.00,6.25,0.52,0.39,0.15,0.06,6.25,0.52,0.39,0.15,0.06,0.00,0.00
"675",0.26160,0.27392,0.03194,0.40929,0.02325,1.00,0.5404856896,0.5292951977,1.00,6.25,0.72,0.02,0.22,0.00,6.25,0.72,0.15,0.15,0.00,1.00,0.00
"676",0.28158,0.17102,0.06239,0.23285,0.25216,1.00,0.5046281874,0.5023945885,1.00,6.25,0.47,0.06,0.16,0.10,6.25,0.47,0.13,0.13,0.10,1.00,0.00
"677",0.18836,0.18050,0.05542,0.34414,0.23158,1.00,0.4337658416,0.4298145989,1.00,6.25,0.67,0.07,0.23,0.09,6.25,0.67,0.18,0.18,0.09,1.00,0.00
"678",0.18878,0.22222,0.19498,0.24239,0.15163,0.00,0.4456716211,0.4456716211,0.00,6.25,0.77,0.24,0.15,0.06,6.25,0.77,0.24,0.15,0.06,0.00,0.00
"679",0.06464,0.19775,0.00441,0.38136,0.35184,1.00,0.3528358519,0.3412712265,1.00,6.25,1.15,0.00,0.28,0.13,6.25,1.15,0.22,0.22,0.13,1.00,0.00
"680",0.05242,0.28509,0.04165,0.28619,0.33465,1.00,0.3604328357,0.3561965999,1.00,6.25,1.31,0.05,0.22,0.13,6.25,1.31,0.17,0.17,0.13,1.00,0.00
"681",0.25549,0.29093,0.18272,0.19763,0.07323,0.00,0.5211498448,0.5211498448,0.00,6.25,0.75,0.17,0.11,0.02,6.25,0.75,0.17,0.11,0.02,0.00,0.00
"682",0.42117,0.32314,0.16057,0.07819,0.01693,0.00,0.6816422892,0.6816422892,0.00,6.25,0.57,0.11,0.03,0.00,6.25,0.57,0.11,0.03,0.00,0.00,0.00
"683",0.26155,0.26231,0.15821,0.29386,0.02407,1.00,0.5264512265,0.5264512265,0.00,6.25,0.70,0.16,0.16,0.00,6.25,0.70,0.16,0.16,0.00,0.00,0.00
"684",0.22544,0.27644,0.22032,0.05741,0.22039,1.00,0.4933070805,0.4907562088,1.00,6.25,0.79,0.22,0.02,0.09,6.25,0.79,0.22,0.06,0.06,1.00,0.00
"685",0.36202,0.16731,0.40218,0.06096,0.00754,1.00,0.6232433742,0.6232433742,0.00,6.25,0.36,0.34,0.02,0.00,6.25,0.36,0.34,0.02,0.00,0.00,0.00
"686",0.14730,0.08738,0.52498,0.09202,0.14832,1.00,0.4307811503,0.4305514146,1.00,6.25,0.46,0.53,0.04,0.05,6.25,0.52,0.52,0.05,0.05,2.00,0.00
"687",0.27881,0.16881,0.06073,0.33570,0.15595,1.00,0.5084375896,0.5042012260,1.00,6.25,0.47,0.06,0.21,0.06,6.25,0.47,0.16,0.16,0.06,1.00,0.00
"688",0.10245,0.34903,0.19054,0.07203,0.28596,1.00,0.4172959178,0.4147577858,1.00,6.25,1.19,0.22,0.04,0.11,6.25,1.19,0.22,0.08,0.08,1.00,0.00
"689",0.12794,0.23347,0.12319,0.28053,0.23486,1.00,0.3971925130,0.3971693832,1.00,6.25,0.96,0.18,0.19,0.09,6.25,0.96,0.19,0.19,0.09,1.00,0.00
"690",0.00963,0.02658,0.43505,0.31431,0.21442,1.00,0.3048619493,0.3048619493,0.00,6.25,1.12,0.66,0.21,0.08,6.25,1.12,0.66,0.21,0.08,0.00,0.00
"691",0.20141,0.06678,0.33219,0.36327,0.03635,1.00,0.4592428059,0.4579164767,1.00,6.25,0.25,0.43,0.20,0.01,6.25,0.39,0.39,0.20,0.01,1.00,0.00
"692",0.03436,0.01417,0.53969,0.22843,0.18336,1.00,0.3329461724,0.3322263596,1.00,6.25,0.32,0.65,0.14,0.07,6.25,0.64,0.64,0.14,0.07,1.00,0.00
"693",0.19410,0.20593,0.22351,0.27916,0.09730,0.00,0.4529312460,0.4529312460,0.00,6.25,0.72,0.27,0.16,0.03,6.25,0.72,0.27,0.16,0.03,0.00,0.00
"694",0.07687,0.24378,0.02801,0.54992,0.10142,1.00,0.3876087447,0.3782294487,1.00,6.25,1.17,0.03,0.29,0.03,6.25,1.17,0.24,0.24,0.03,1.00,0.00
"695",0.25100,0.27083,0.19732,0.26069,0.02016,0.00,0.5217993878,0.5217993878,0.00,6.25,0.73,0.20,0.14,0.00,6.25,0.73,0.20,0.14,0.00,0.00,0.00
"696",0.18417,0.15180,0.28898,0.21979,0.15526,1.00,0.4347759902,0.4347759902,0.00,6.25,0.61,0.36,0.13,0.06,6.25,0.61,0.36,0.13,0.06,0.00,0.00
"697",0.06522,0.20599,0.24094,0.33838,0.14947,0.00,0.3598676948,0.3598676948,0.00,6.25,1.16,0.37,0.21,0.05,6.25,1.16,0.37,0.21,0.05,0.00,0.00
"698",0.41421,0.21741,0.20451,0.15162,0.01225,0.00,0.6494383049,0.6494383049,0.00,6.25,0.41,0.17,0.07,0.00,6.25,0.41,0.17,0.07,0.00,0.00,0.00
"699",0.04920,0.15078,0.18162,0.30516,0.31324,0.00,0.3249643643,0.3249643643,0.00,6.25,1.15,0.37,0.23,0.12,6.25,1.15,0.37,0.23,0.12,0.00,0.00
"700",0.00858,0.05189,0.19014,0.48312,0.26627,0.00,0.2888711385,0.2888711385,0.00,6.25,1.33,0.57,0.31,0.10,6.25,1.33,0.57,0.31,0.10,0.00,0.00
"701",0.01854,0.14380,0.38085,0.39592,0.06090,0.00,0.3424007752,0.3424007752,0.00,6.25,1.38,0.53,0.22,0.01,6.25,1.38,0.53,0.22,0.01,0.00,0.00
"702",0.20598,0.10840,0.11002,0.28143,0.29417,1.00,0.4292612109,0.4291944801,1.00,6.25,0.41,0.18,0.21,0.11,6.25,0.41,0.20,0.20,0.11,1.00,0.00
"703",0.01707,0.39587,0.32370,0.21044,0.05293,0.00,0.3961245114,0.3961245114,0.00,6.25,1.50,0.34,0.11,0.01,6.25,1.50,0.34,0.11,0.01,0.00,0.00
"704",0.14122,0.33213,0.10410,0.27758,0.14497,1.00,0.4386456526,0.4379612035,1.00,6.25,1.06,0.11,0.17,0.05,6.25,1.06,0.15,0.15,0.05,1.00,0.00
"705",0.28800,0.05254,0.08900,0.15894,0.41152,1.00,0.4947205239,0.4944854318,1.00,6.25,0.11,0.13,0.14,0.15,6.25,0.14,0.14,0.14,0.14,3.00,0.00
"706",0.24284,0.03601,0.19500,0.42802,0.09813,1.00,0.4771262504,0.4735484391,1.00,6.25,0.08,0.32,0.24,0.03,6.25,0.24,0.24,0.24,0.03,1.00,0.00
"707",0.31904,0.14846,0.10475,0.29209,0.13566,1.00,0.5372537941,0.5364827707,1.00,6.25,0.36,0.11,0.18,0.05,6.25,0.36,0.15,0.15,0.05,1.00,0.00
"708",0.28725,0.26517,0.18700,0.23279,0.02779,0.00,0.5472384885,0.5472384885,0.00,6.25,0.66,0.18,0.12,0.00,6.25,0.66,0.18,0.12,0.00,0.00,0.00
"709",0.16043,0.32668,0.35192,0.07507,0.08591,1.00,0.4778481235,0.4778481235,0.00,6.25,1.01,0.33,0.03,0.03,6.25,1.01,0.33,0.03,0.03,0.00,0.00
"710",0.38324,0.17919,0.18804,0.00910,0.24043,1.00,0.6093721292,0.6007228132,1.00,6.25,0.36,0.17,0.00,0.09,6.25,0.36,0.17,0.05,0.05,1.00,0.00
"711",0.29535,0.13422,0.09557,0.30156,0.17329,1.00,0.5128985172,0.5118467989,1.00,6.25,0.35,0.11,0.19,0.07,6.25,0.35,0.16,0.16,0.07,1.00,0.00
"712",0.29791,0.11337,0.21983,0.31165,0.05723,1.00,0.5274172735,0.5274172735,0.00,6.25,0.29,0.26,0.17,0.01,6.25,0.29,0.26,0.17,0.01,0.00,0.00
"713",0.26041,0.41466,0.00729,0.11591,0.20174,1.00,0.5656435283,0.5589001878,1.00,6.25,0.90,0.00,0.06,0.08,6.25,0.90,0.05,0.05,0.05,2.00,0.00
"714",0.27037,0.23776,0.05112,0.32559,0.11516,1.00,0.5201649505,0.5143515433,1.00,6.25,0.64,0.04,0.19,0.04,6.25,0.64,0.14,0.14,0.04,1.00,0.00
"715",0.02565,0.07247,0.58068,0.25045,0.07075,1.00,0.3511267913,0.3511267913,0.00,6.25,1.13,0.62,0.14,0.02,6.25,1.13,0.62,0.14,0.02,0.00,0.00
"716",0.19606,0.29079,0.22992,0.25298,0.03024,0.00,0.4844592965,0.4844592965,0.00,6.25,0.87,0.24,0.13,0.00,6.25,0.87,0.24,0.13,0.00,0.00,0.00
"717",0.20960,0.04200,0.18143,0.25002,0.31695,1.00,0.4311028324,0.4291694956,1.00,6.25,0.13,0.32,0.19,0.12,6.25,0.26,0.26,0.19,0.12,1.00,0.00
"718",0.31396,0.22489,0.11718,0.06799,0.27599,1.00,0.5459790734,0.5432795329,1.00,6.25,0.54,0.11,0.03,0.11,6.25,0.54,0.11,0.08,0.08,1.00,0.00
"719",0.24397,0.25924,0.32499,0.10395,0.06785,0.00,0.5198377477,0.5198377477,0.00,6.25,0.72,0.30,0.04,0.02,6.25,0.72,0.30,0.04,0.02,0.00,0.00
"720",0.31474,0.18947,0.07654,0.41801,0.00124,1.00,0.5650400678,0.5604720375,1.00,6.25,0.47,0.07,0.22,0.00,6.25,0.47,0.17,0.17,0.00,1.00,0.00
"721",0.10404,0.13572,0.20178,0.27045,0.28801,0.00,0.3597929879,0.3597929879,0.00,6.25,0.82,0.36,0.20,0.11,6.25,0.82,0.36,0.20,0.11,0.00,0.00
"722",0.35842,0.34777,0.05848,0.20097,0.03437,1.00,0.6297940365,0.6270999166,1.00,6.25,0.68,0.03,0.10,0.01,6.25,0.68,0.07,0.07,0.01,1.00,0.00
"723",0.22850,0.26855,0.17064,0.18465,0.14766,0.00,0.4868887098,0.4868887098,0.00,6.25,0.77,0.18,0.11,0.05,6.25,0.77,0.18,0.11,0.05,0.00,0.00
"724",0.16207,0.02309,0.22159,0.35484,0.23840,1.00,0.4005594414,0.3958661214,1.00,6.25,0.08,0.42,0.24,0.09,6.25,0.33,0.33,0.24,0.09,1.00,0.00
"725",0.16930,0.33663,0.12218,0.10326,0.26863,1.00,0.4574092090,0.4566130047,1.00,6.25,1.00,0.12,0.06,0.10,6.25,1.00,0.12,0.09,0.09,1.00,0.00
"726",0.28531,0.22450,0.03528,0.17246,0.28246,1.00,0.5218868533,0.5178908502,1.00,6.25,0.58,0.02,0.12,0.11,6.25,0.58,0.09,0.09,0.09,1.00,0.00
"727",0.31082,0.08962,0.25308,0.29190,0.05459,1.00,0.5395857332,0.5390472599,1.00,6.25,0.21,0.30,0.16,0.01,6.25,0.27,0.27,0.16,0.01,1.00,0.00
"728",0.28951,0.03367,0.30045,0.03506,0.34130,1.00,0.5215836705,0.5067195920,1.00,6.25,0.06,0.38,0.01,0.13,6.25,0.28,0.28,0.09,0.09,2.00,0.00
"729",0.15140,0.29725,0.23071,0.20530,0.11534,0.00,0.4421337268,0.4421337268,0.00,6.25,0.99,0.26,0.12,0.04,6.25,0.99,0.26,0.12,0.04,0.00,0.00
"730",0.19405,0.33369,0.15966,0.07381,0.23879,1.00,0.4791758132,0.4773683154,1.00,6.25,0.94,0.16,0.04,0.09,6.25,0.94,0.16,0.07,0.07,1.00,0.00
"731",0.08787,0.31314,0.38171,0.06729,0.14999,1.00,0.4222221230,0.4215189005,1.00,6.25,1.20,0.38,0.03,0.05,6.25,1.20,0.38,0.04,0.04,1.00,0.00
"732",0.01426,0.30273,0.30854,0.10301,0.27146,1.00,0.3553862598,0.3545611740,1.00,6.25,1.49,0.39,0.06,0.11,6.25,1.49,0.39,0.09,0.09,1.00,0.00
"733",0.35334,0.17258,0.13362,0.22244,0.11802,1.00,0.5708066780,0.5708066780,0.00,6.25,0.38,0.13,0.13,0.04,6.25,0.38,0.13,0.13,0.04,0.00,0.00
"734",0.29864,0.26791,0.24719,0.15271,0.03355,0.00,0.5609109841,0.5609109841,0.00,6.25,0.64,0.22,0.07,0.01,6.25,0.64,0.22,0.07,0.01,0.00,0.00
"735",0.36118,0.11979,0.02057,0.29132,0.20714,1.00,0.5752804706,0.5656944856,1.00,6.25,0.25,0.01,0.19,0.08,6.25,0.25,0.12,0.12,0.08,1.00,0.00
"736",0.24770,0.07811,0.30421,0.24455,0.12543,1.00,0.4814928629,0.4804528791,1.00,6.25,0.23,0.38,0.14,0.04,6.25,0.34,0.34,0.14,0.04,1.00,0.00
"737",0.28076,0.01105,0.23490,0.13551,0.33778,1.00,0.5028053303,0.4910178153,1.00,6.25,0.01,0.35,0.10,0.13,6.25,0.22,0.22,0.12,0.12,2.00,0.00
"738",0.14884,0.25206,0.29692,0.24498,0.05720,0.00,0.4410410919,0.4410410919,0.00,6.25,0.93,0.33,0.13,0.01,6.25,0.93,0.33,0.13,0.01,0.00,0.00
"739",0.21329,0.28862,0.14371,0.15050,0.20388,1.00,0.4773112936,0.4773112936,0.00,6.25,0.83,0.15,0.09,0.08,6.25,0.83,0.15,0.09,0.08,0.00,0.00
"740",0.10454,0.07880,0.38685,0.06685,0.36297,1.00,0.3733119750,0.3696796670,1.00,6.25,0.56,0.52,0.04,0.14,6.25,0.56,0.52,0.11,0.11,1.00,0.00
"741",0.12619,0.24666,0.15444,0.32468,0.14804,1.00,0.4055196297,0.4055196297,0.00,6.25,0.99,0.21,0.20,0.05,6.25,0.99,0.21,0.20,0.05,0.00,0.00
"742",0.33156,0.48370,0.12289,0.01034,0.05151,1.00,0.6584297737,0.6577315310,1.00,6.25,0.87,0.07,0.00,0.01,6.25,0.87,0.07,0.01,0.01,1.00,0.00
"743",0.35444,0.10150,0.34895,0.13584,0.05927,1.00,0.5880937220,0.5868169595,1.00,6.25,0.21,0.34,0.06,0.01,6.25,0.30,0.30,0.06,0.01,1.00,0.00
"744",0.09602,0.23402,0.36100,0.18860,0.12036,0.00,0.3996594495,0.3996594495,0.00,6.25,1.08,0.41,0.11,0.04,6.25,1.08,0.41,0.11,0.04,0.00,0.00
"745",0.20814,0.22714,0.13498,0.14163,0.28810,1.00,0.4549022362,0.4548224106,1.00,6.25,0.73,0.16,0.10,0.11,6.25,0.73,0.16,0.11,0.11,1.00,0.00
"746",0.23366,0.22282,0.04206,0.26705,0.23441,1.00,0.4795763642,0.4744504011,1.00,6.25,0.67,0.03,0.18,0.09,6.25,0.67,0.13,0.13,0.09,1.00,0.00
"747",0.15677,0.46938,0.08949,0.18252,0.10184,1.00,0.4965468330,0.4960722213,1.00,6.25,1.15,0.06,0.10,0.03,6.25,1.15,0.08,0.08,0.03,1.00,0.00
"748",0.11635,0.24287,0.26741,0.12712,0.24625,1.00,0.4008354454,0.4007040445,1.00,6.25,1.02,0.33,0.08,0.10,6.25,1.02,0.33,0.09,0.09,1.00,0.00
"749",0.03681,0.34046,0.13384,0.05550,0.43339,1.00,0.3677803226,0.3628218546,1.00,6.25,1.41,0.18,0.04,0.16,6.25,1.41,0.18,0.12,0.12,1.00,0.00
"750",0.31221,0.21507,0.03478,0.29142,0.14651,1.00,0.5489093401,0.5414471435,1.00,6.25,0.52,0.02,0.18,0.05,6.25,0.52,0.12,0.12,0.05,1.00,0.00
"751",0.11986,0.04445,0.30267,0.22779,0.30523,1.00,0.3679456712,0.3668955387,1.00,6.25,0.28,0.50,0.17,0.12,6.25,0.46,0.46,0.17,0.12,1.00,0.00
"752",0.32943,0.19799,0.32807,0.00417,0.14033,1.00,0.5841340737,0.5790682242,1.00,6.25,0.47,0.29,0.00,0.05,6.25,0.47,0.29,0.02,0.02,1.00,0.00
"753",0.29271,0.04700,0.30338,0.26939,0.08752,1.00,0.5248870810,0.5194647932,1.00,6.25,0.09,0.37,0.15,0.03,6.25,0.29,0.29,0.15,0.03,1.00,0.00
"754",0.20549,0.09646,0.12168,0.30458,0.27179,1.00,0.4286639948,0.4286584169,1.00,6.25,0.37,0.21,0.22,0.11,6.25,0.37,0.21,0.21,0.11,1.00,0.00
"755",0.13606,0.14226,0.26942,0.10170,0.35056,1.00,0.3912217622,0.3898969064,1.00,6.25,0.72,0.38,0.07,0.13,6.25,0.72,0.38,0.11,0.11,1.00,0.00
"756",0.05487,0.06718,0.44806,0.01219,0.41770,1.00,0.3515089394,0.3397719170,1.00,6.25,0.79,0.58,0.00,0.15,6.25,0.79,0.58,0.11,0.11,1.00,0.00
"757",0.08198,0.22816,0.38294,0.02614,0.28079,1.00,0.3964826661,0.3893102067,1.00,6.25,1.12,0.43,0.01,0.11,6.25,1.12,0.43,0.07,0.07,1.00,0.00
"758",0.17557,0.19601,0.17669,0.36532,0.08641,1.00,0.4373072491,0.4373072491,0.00,6.25,0.75,0.24,0.21,0.03,6.25,0.75,0.24,0.21,0.03,0.00,0.00
"759",0.32835,0.15810,0.12974,0.10169,0.28211,1.00,0.5423187868,0.5413707021,1.00,6.25,0.38,0.14,0.06,0.11,6.25,0.38,0.14,0.09,0.09,1.00,0.00
"760",0.01392,0.47373,0.02880,0.15077,0.33279,1.00,0.3957619222,0.3907201466,1.00,6.25,1.52,0.02,0.11,0.13,6.25,1.52,0.10,0.10,0.10,2.00,0.00
"761",0.21567,0.15424,0.19606,0.12294,0.31108,1.00,0.4482389468,0.4477889864,1.00,6.25,0.54,0.26,0.08,0.12,6.25,0.54,0.26,0.11,0.11,1.00,0.00
"762",0.09959,0.22591,0.18350,0.20914,0.28185,0.00,0.3755434748,0.3755434748,0.00,6.25,1.05,0.27,0.15,0.11,6.25,1.05,0.27,0.15,0.11,0.00,0.00
"763",0.10000,0.38323,0.34303,0.08890,0.08483,0.00,0.4492161513,0.4492161513,0.00,6.25,1.22,0.32,0.04,0.03,6.25,1.22,0.32,0.04,0.03,0.00,0.00
"764",0.26656,0.25250,0.04622,0.33230,0.10242,1.00,0.5227136628,0.5159683802,1.00,6.25,0.67,0.03,0.19,0.03,6.25,0.67,0.14,0.14,0.03,1.00,0.00
"765",0.16814,0.27690,0.21408,0.25575,0.08513,0.00,0.4509863597,0.4509863597,0.00,6.25,0.92,0.24,0.14,0.03,6.25,0.92,0.24,0.14,0.03,0.00,0.00
"766",0.08641,0.32961,0.26675,0.31383,0.00340,0.00,0.4268103115,0.4268103115,0.00,6.25,1.22,0.30,0.16,0.00,6.25,1.22,0.30,0.16,0.00,0.00,0.00
"767",0.11834,0.07499,0.29661,0.28904,0.22102,1.00,0.3715008349,0.3715008349,0.00,6.25,0.49,0.47,0.19,0.09,6.25,0.49,0.47,0.19,0.09,0.00,0.00
"768",0.37107,0.11024,0.38490,0.10048,0.03330,1.00,0.6138905839,0.6125916042,1.00,6.25,0.22,0.35,0.04,0.01,6.25,0.31,0.31,0.04,0.01,1.00,0.00
"769",0.17668,0.17933,0.27710,0.30626,0.06063,0.00,0.4435750858,0.4435750858,0.00,6.25,0.70,0.34,0.17,0.01,6.25,0.70,0.34,0.17,0.01,0.00,0.00
"770",0.22666,0.32659,0.10842,0.25171,0.08662,1.00,0.5060176377,0.5054759058,1.00,6.25,0.86,0.10,0.14,0.03,6.25,0.86,0.12,0.12,0.03,1.00,0.00
"771",0.24154,0.07767,0.21832,0.26341,0.19906,1.00,0.4641669866,0.4638823619,1.00,6.25,0.24,0.31,0.17,0.08,6.25,0.29,0.29,0.17,0.08,1.00,0.00
"772",0.26281,0.23098,0.18326,0.21203,0.11092,0.00,0.5082538838,0.5082538838,0.00,6.25,0.63,0.19,0.12,0.04,6.25,0.63,0.19,0.12,0.04,0.00,0.00
"773",0.23874,0.13482,0.35441,0.06671,0.20533,1.00,0.4869149360,0.4852368211,1.00,6.25,0.44,0.38,0.03,0.08,6.25,0.44,0.38,0.06,0.06,1.00,0.00
"774",0.27970,0.26594,0.24679,0.02403,0.18354,1.00,0.5428464457,0.5382865303,1.00,6.25,0.67,0.23,0.00,0.07,6.25,0.67,0.23,0.04,0.04,1.00,0.00
"775",0.05843,0.27894,0.21939,0.17003,0.27320,1.00,0.3650843466,0.3650843466,0.00,6.25,1.28,0.30,0.12,0.11,6.25,1.28,0.30,0.12,0.11,0.00,0.00
"776",0.15364,0.12320,0.12216,0.34639,0.25460,1.00,0.3926682825,0.3926578004,1.00,6.25,0.59,0.23,0.24,0.10,6.25,0.59,0.23,0.23,0.10,1.00,0.00
"777",0.19117,0.27572,0.18419,0.14910,0.19983,1.00,0.4585365458,0.4585365458,0.00,6.25,0.86,0.20,0.09,0.08,6.25,0.86,0.20,0.09,0.08,0.00,0.00
"778",0.16803,0.28137,0.22760,0.16359,0.15941,0.00,0.4471712710,0.4471712710,0.00,6.25,0.93,0.25,0.09,0.06,6.25,0.93,0.25,0.09,0.06,0.00,0.00
"779",0.31733,0.31092,0.03280,0.20902,0.12993,1.00,0.5775413555,0.5720827859,1.00,6.25,0.68,0.01,0.12,0.05,6.25,0.68,0.07,0.07,0.05,1.00,0.00
"780",0.41456,0.25109,0.10347,0.21452,0.01636,1.00,0.6535440303,0.6530352758,1.00,6.25,0.47,0.07,0.11,0.00,6.25,0.47,0.09,0.09,0.00,1.00,0.00
"781",0.16786,0.09854,0.30437,0.21936,0.20988,1.00,0.4127269853,0.4127269853,0.00,6.25,0.46,0.42,0.14,0.08,6.25,0.46,0.42,0.14,0.08,0.00,0.00
"782",0.34435,0.45888,0.00688,0.18856,0.00133,1.00,0.6674629178,0.6589732981,1.00,6.25,0.83,0.00,0.09,0.00,6.25,0.83,0.04,0.04,0.00,1.00,0.00
"783",0.00421,0.06283,0.26803,0.31764,0.34729,0.00,0.2879945974,0.2879945974,0.00,6.25,1.46,0.59,0.24,0.13,6.25,1.46,0.59,0.24,0.13,0.00,0.00
"784",0.38037,0.01598,0.09979,0.18242,0.32144,1.00,0.5845706581,0.5793553273,1.00,6.25,0.01,0.13,0.14,0.12,6.25,0.11,0.11,0.11,0.11,2.00,0.00
"785",0.09535,0.11106,0.21978,0.15832,0.41549,1.00,0.3481316679,0.3480897946,1.00,6.25,0.76,0.40,0.14,0.15,6.25,0.76,0.40,0.15,0.15,1.00,0.00
"786",0.39568,0.33891,0.06790,0.07643,0.12107,1.00,0.6534206443,0.6532821932,1.00,6.25,0.62,0.03,0.03,0.04,6.25,0.62,0.04,0.04,0.04,1.00,0.00
"787",0.20519,0.21196,0.12802,0.06366,0.39117,1.00,0.4522364514,0.4481828729,1.00,6.25,0.71,0.16,0.04,0.15,6.25,0.71,0.16,0.11,0.11,1.00,0.00
"788",0.26535,0.07786,0.08551,0.31549,0.25579,1.00,0.4789377285,0.4778653468,1.00,6.25,0.21,0.13,0.22,0.10,6.25,0.21,0.19,0.19,0.10,1.00,0.00
"789",0.10621,0.23105,0.22782,0.23487,0.20005,0.00,0.3873584979,0.3873584979,0.00,6.25,1.03,0.31,0.15,0.08,6.25,1.03,0.31,0.15,0.08,0.00,0.00
"790",0.23288,0.10712,0.30733,0.26908,0.08359,1.00,0.4757888614,0.4757824286,1.00,6.25,0.36,0.37,0.15,0.02,6.25,0.37,0.37,0.15,0.02,1.00,0.00
"791",0.02440,0.21756,0.14485,0.23447,0.37872,1.00,0.3211907610,0.3211907610,0.00,6.25,1.40,0.29,0.20,0.14,6.25,1.40,0.29,0.20,0.14,0.00,0.00
"792",0.24678,0.01262,0.23496,0.23273,0.27292,1.00,0.4727817149,0.4624614392,1.00,6.25,0.01,0.37,0.17,0.11,6.25,0.25,0.25,0.17,0.11,1.00,0.00
"793",0.25468,0.13899,0.23764,0.35332,0.01537,1.00,0.5040767279,0.5040767279,0.00,6.25,0.43,0.29,0.19,0.00,6.25,0.43,0.29,0.19,0.00,0.00,0.00
"794",0.27985,0.05866,0.24120,0.07668,0.34362,1.00,0.4995573099,0.4945453863,1.00,6.25,0.14,0.32,0.05,0.13,6.25,0.26,0.26,0.10,0.10,2.00,0.00
"795",0.00783,0.23651,0.21248,0.33646,0.20671,0.00,0.3269417354,0.3269417354,0.00,6.25,1.51,0.36,0.22,0.08,6.25,1.51,0.36,0.22,0.08,0.00,0.00
"796",0.05256,0.14158,0.12409,0.37677,0.30501,1.00,0.3239054333,0.3239054333,0.00,6.25,1.11,0.30,0.27,0.12,6.25,1.11,0.30,0.27,0.12,0.00,0.00
"797",0.13594,0.31297,0.41653,0.03586,0.09870,1.00,0.4686363610,0.4677283701,1.00,6.25,1.05,0.38,0.01,0.03,6.25,1.05,0.38,0.02,0.02,1.00,0.00
"798",0.41051,0.25935,0.11622,0.08798,0.12593,1.00,0.6418865434,0.6418530222,1.00,6.25,0.49,0.08,0.04,0.04,6.25,0.49,0.08,0.04,0.04,1.00,0.00
"799",0.25879,0.21618,0.08328,0.17659,0.26516,1.00,0.4934476141,0.4930950608,1.00,6.25,0.61,0.08,0.12,0.10,6.25,0.61,0.11,0.11,0.10,1.00,0.00
"800",0.19926,0.32751,0.27996,0.13973,0.05355,0.00,0.4985289150,0.4985289150,0.00,6.25,0.92,0.26,0.07,0.01,6.25,0.92,0.26,0.07,0.01,0.00,0.00
"801",0.32729,0.08687,0.22459,0.12323,0.23801,1.00,0.5389469673,0.5383262905,1.00,6.25,0.19,0.27,0.07,0.09,6.25,0.24,0.24,0.09,0.09,2.00,0.00
"802",0.16193,0.24198,0.08622,0.07660,0.43327,1.00,0.4248218662,0.4216806108,1.00,6.25,0.88,0.11,0.06,0.16,6.25,0.88,0.13,0.13,0.13,1.00,0.00
"803",0.28181,0.01473,0.28801,0.19011,0.22535,1.00,0.5094475528,0.4970708670,1.00,6.25,0.01,0.38,0.12,0.09,6.25,0.26,0.26,0.12,0.09,1.00,0.00
"804",0.13305,0.29509,0.05882,0.22548,0.28756,1.00,0.4177925179,0.4155641327,1.00,6.25,1.04,0.06,0.16,0.11,6.25,1.04,0.13,0.13,0.11,1.00,0.00
"805",0.08951,0.28848,0.02161,0.30860,0.29180,1.00,0.3912521210,0.3827089637,1.00,6.25,1.17,0.01,0.22,0.11,6.25,1.17,0.16,0.16,0.11,1.00,0.00
"806",0.15730,0.27287,0.17672,0.12625,0.26686,1.00,0.4306381137,0.4304200959,1.00,6.25,0.94,0.21,0.08,0.10,6.25,0.94,0.21,0.10,0.10,1.00,0.00
"807",0.06832,0.06328,0.37201,0.22546,0.27093,1.00,0.3389792252,0.3389792252,0.00,6.25,0.66,0.56,0.16,0.11,6.25,0.66,0.56,0.16,0.11,0.00,0.00
"808",0.16908,0.38094,0.24064,0.08252,0.12682,1.00,0.4840386884,0.4839500121,1.00,6.25,1.05,0.22,0.03,0.04,6.25,1.05,0.22,0.04,0.04,1.00,0.00
"809",0.32462,0.05141,0.16377,0.29767,0.16253,1.00,0.5361729100,0.5344599855,1.00,6.25,0.09,0.22,0.18,0.06,6.25,0.18,0.18,0.18,0.06,1.00,0.00
"810",0.16494,0.35580,0.15598,0.00565,0.31762,1.00,0.4730647557,0.4614535606,1.00,6.25,1.03,0.16,0.00,0.12,6.25,1.03,0.16,0.07,0.07,1.00,0.00
"811",0.19383,0.26080,0.12192,0.17853,0.24493,1.00,0.4525171807,0.4525171807,0.00,6.25,0.83,0.14,0.12,0.10,6.25,0.83,0.14,0.12,0.10,0.00,0.00
"812",0.04034,0.11659,0.03575,0.39643,0.41089,1.00,0.3088858652,0.3066806223,1.00,6.25,1.14,0.11,0.31,0.15,6.25,1.14,0.28,0.28,0.15,1.00,0.00
"813",0.19119,0.06737,0.23922,0.24403,0.25818,1.00,0.4211652513,0.4207163015,1.00,6.25,0.27,0.38,0.17,0.10,6.25,0.35,0.35,0.17,0.10,1.00,0.00
"814",0.13384,0.25960,0.11187,0.26763,0.22707,1.00,0.4083398400,0.4081724679,1.00,6.25,0.99,0.15,0.18,0.09,6.25,0.99,0.17,0.17,0.09,1.00,0.00
"815",0.10486,0.02575,0.30626,0.22057,0.34257,1.00,0.3560867357,0.3533356290,1.00,6.25,0.17,0.53,0.17,0.13,6.25,0.47,0.47,0.17,0.13,1.00,0.00
"816",0.01462,0.05957,0.23164,0.47559,0.21858,0.00,0.2985419399,0.2985419399,0.00,6.25,1.24,0.57,0.29,0.09,6.25,1.24,0.57,0.29,0.09,0.00,0.00
"817",0.33012,0.00712,0.29234,0.28186,0.08856,1.00,0.5645708601,0.5483297444,1.00,6.25,0.00,0.36,0.16,0.03,6.25,0.23,0.23,0.16,0.03,1.00,0.00
"818",0.09480,0.42760,0.10522,0.17448,0.19791,1.00,0.4316255552,0.4316018531,1.00,6.25,1.27,0.10,0.11,0.08,6.25,1.27,0.10,0.10,0.08,1.00,0.00
"819",0.38845,0.04013,0.21043,0.20058,0.16041,1.00,0.5965655520,0.5913858470,1.00,6.25,0.05,0.25,0.12,0.06,6.25,0.17,0.17,0.12,0.06,1.00,0.00
"820",0.31571,0.24860,0.05640,0.24280,0.13650,1.00,0.5564397392,0.5528492485,1.00,6.25,0.58,0.04,0.15,0.05,6.25,0.58,0.10,0.10,0.05,1.00,0.00
"821",0.30065,0.25371,0.04780,0.19885,0.19899,1.00,0.5423999454,0.5392332848,1.00,6.25,0.62,0.03,0.13,0.08,6.25,0.62,0.09,0.09,0.08,1.00,0.00
"822",0.23415,0.18908,0.15322,0.16265,0.26091,1.00,0.4674910768,0.4674910768,0.00,6.25,0.60,0.19,0.11,0.10,6.25,0.60,0.19,0.11,0.10,0.00,0.00
"823",0.10134,0.40458,0.10504,0.14112,0.24792,1.00,0.4279453357,0.4279272649,1.00,6.25,1.23,0.10,0.09,0.10,6.25,1.23,0.10,0.09,0.09,1.00,0.00
"824",0.29040,0.02304,0.24617,0.31880,0.12159,1.00,0.5186586979,0.5099250606,1.00,6.25,0.03,0.34,0.19,0.04,6.25,0.23,0.23,0.19,0.04,1.00,0.00
"825",0.32078,0.16939,0.18811,0.09935,0.22237,1.00,0.5414840328,0.5409345116,1.00,6.25,0.41,0.20,0.05,0.09,6.25,0.41,0.20,0.07,0.07,1.00,0.00
"826",0.26923,0.03724,0.14494,0.29349,0.25509,1.00,0.4835141393,0.4811531129,1.00,6.25,0.07,0.24,0.20,0.10,6.25,0.19,0.19,0.19,0.10,1.00,0.00
"827",0.21666,0.13842,0.11578,0.11502,0.41412,1.00,0.4416728761,0.4407715922,1.00,6.25,0.49,0.17,0.10,0.15,6.25,0.49,0.17,0.14,0.14,1.00,0.00
"828",0.22383,0.36152,0.12910,0.24207,0.04347,1.00,0.5192899993,0.5191946781,1.00,6.25,0.91,0.11,0.13,0.01,6.25,0.91,0.12,0.12,0.01,1.00,0.00
"829",0.07847,0.16762,0.46657,0.21745,0.06989,0.00,0.3904373720,0.3904373720,0.00,6.25,1.03,0.50,0.12,0.02,6.25,1.03,0.50,0.12,0.02,0.00,0.00
"830",0.11663,0.17408,0.21954,0.25267,0.23709,0.00,0.3792774543,0.3792774543,0.00,6.25,0.88,0.33,0.17,0.09,6.25,0.88,0.33,0.17,0.09,0.00,0.00
"831",0.28058,0.09800,0.31130,0.06244,0.24768,1.00,0.5119150054,0.5087988439,1.00,6.25,0.26,0.35,0.03,0.10,6.25,0.33,0.33,0.07,0.07,2.00,0.00
"832",0.30267,0.05769,0.21776,0.18345,0.23842,1.00,0.5152078476,0.5130236751,1.00,6.25,0.12,0.29,0.12,0.09,6.25,0.23,0.23,0.12,0.09,1.00,0.00
"833",0.23469,0.35119,0.24115,0.10277,0.07020,0.00,0.5288716987,0.5288716987,0.00,6.25,0.88,0.21,0.04,0.02,6.25,0.88,0.21,0.04,0.02,0.00,0.00
"834",0.29729,0.27557,0.06260,0.14063,0.22391,1.00,0.5436271736,0.5426628181,1.00,6.25,0.66,0.04,0.09,0.09,6.25,0.66,0.08,0.08,0.08,2.00,0.00
"835",0.15065,0.22599,0.19240,0.17860,0.25235,1.00,0.4134459082,0.4134459082,0.00,6.25,0.88,0.25,0.12,0.10,6.25,0.88,0.25,0.12,0.10,0.00,0.00
"836",0.09010,0.15345,0.11671,0.26460,0.37514,1.00,0.3474846915,0.3474846915,0.00,6.25,0.93,0.24,0.22,0.14,6.25,0.93,0.24,0.22,0.14,0.00,0.00
"837",0.21365,0.22843,0.01343,0.37105,0.17343,1.00,0.4757349405,0.4628346605,1.00,6.25,0.73,0.00,0.23,0.07,6.25,0.73,0.16,0.16,0.07,1.00,0.00
"838",0.28079,0.21174,0.26633,0.17604,0.06511,0.00,0.5298896018,0.5298896018,0.00,6.25,0.56,0.27,0.09,0.02,6.25,0.56,0.27,0.09,0.02,0.00,0.00
"839",0.34194,0.15033,0.37820,0.08346,0.04607,1.00,0.5907557148,0.5907557148,0.00,6.25,0.34,0.34,0.03,0.01,6.25,0.34,0.34,0.03,0.01,0.00,0.00
"840",0.09367,0.12681,0.05057,0.30179,0.42716,1.00,0.3447782526,0.3430449864,1.00,6.25,0.83,0.12,0.26,0.16,6.25,0.83,0.23,0.23,0.16,1.00,0.00
"841",0.07282,0.02011,0.48659,0.12399,0.29650,1.00,0.3542417696,0.3514505837,1.00,6.25,0.20,0.61,0.08,0.11,6.25,0.58,0.58,0.10,0.10,2.00,0.00
"842",0.36033,0.02350,0.25875,0.14522,0.21220,1.00,0.5762388500,0.5659366878,1.00,6.25,0.02,0.31,0.09,0.08,6.25,0.20,0.20,0.09,0.08,1.00,0.00
"843",0.21684,0.13406,0.24120,0.24492,0.16297,1.00,0.4528631883,0.4528631883,0.00,6.25,0.48,0.31,0.15,0.06,6.25,0.48,0.31,0.15,0.06,0.00,0.00
"844",0.07376,0.08612,0.06852,0.39855,0.37304,1.00,0.3246894890,0.3243198251,1.00,6.25,0.77,0.22,0.30,0.14,6.25,0.77,0.28,0.28,0.14,1.00,0.00
"845",0.39707,0.17001,0.25981,0.07650,0.09661,1.00,0.6228878313,0.6228841987,1.00,6.25,0.33,0.23,0.03,0.03,6.25,0.33,0.23,0.03,0.03,1.00,0.00
"846",0.18432,0.28383,0.20180,0.06443,0.26562,1.00,0.4600837666,0.4572678588,1.00,6.25,0.89,0.22,0.03,0.10,6.25,0.89,0.22,0.08,0.08,1.00,0.00
"847",0.13434,0.03625,0.64247,0.01539,0.17155,1.00,0.4439514947,0.4348175525,1.00,6.25,0.19,0.59,0.00,0.06,6.25,0.54,0.54,0.03,0.03,2.00,0.00
"848",0.26415,0.30793,0.27365,0.06205,0.09223,1.00,0.5442330851,0.5441467906,1.00,6.25,0.77,0.24,0.02,0.03,6.25,0.77,0.24,0.02,0.02,1.00,0.00
"849",0.19796,0.02929,0.29435,0.36308,0.11532,1.00,0.4440277849,0.4380929476,1.00,6.25,0.08,0.44,0.21,0.04,6.25,0.35,0.35,0.21,0.04,1.00,0.00
"850",0.37125,0.04771,0.27379,0.28698,0.02027,1.00,0.6021089024,0.5961572925,1.00,6.25,0.07,0.30,0.15,0.00,6.25,0.22,0.22,0.15,0.00,1.00,0.00
"851",0.27510,0.17590,0.19135,0.13452,0.22312,1.00,0.5022687648,0.5022546695,1.00,6.25,0.49,0.22,0.08,0.09,6.25,0.49,0.22,0.08,0.08,1.00,0.00
"852",0.05226,0.25684,0.13230,0.37000,0.18860,1.00,0.3564235286,0.3564062649,1.00,6.25,1.29,0.22,0.23,0.07,6.25,1.29,0.23,0.23,0.07,1.00,0.00
"853",0.24240,0.23096,0.21761,0.18426,0.12477,0.00,0.4929292447,0.4929292447,0.00,6.25,0.67,0.23,0.10,0.04,6.25,0.67,0.23,0.10,0.04,0.00,0.00
"854",0.19004,0.04306,0.20416,0.28146,0.28128,1.00,0.4174455502,0.4155429474,1.00,6.25,0.15,0.36,0.20,0.11,6.25,0.30,0.30,0.20,0.11,1.00,0.00
"855",0.19571,0.20044,0.33443,0.04925,0.22017,1.00,0.4642012339,0.4610236615,1.00,6.25,0.71,0.36,0.02,0.09,6.25,0.71,0.36,0.06,0.06,1.00,0.00
"856",0.44692,0.31192,0.12768,0.11273,0.00074,0.00,0.7019471342,0.7019471342,0.00,6.25,0.53,0.08,0.04,0.00,6.25,0.53,0.08,0.04,0.00,0.00,0.00
"857",0.27418,0.41523,0.20252,0.04914,0.05894,1.00,0.5836441176,0.5836394151,1.00,6.25,0.88,0.15,0.01,0.01,6.25,0.88,0.15,0.01,0.01,1.00,0.00
"858",0.08786,0.30378,0.24556,0.03666,0.32614,1.00,0.4023380295,0.3957745422,1.00,6.25,1.19,0.30,0.01,0.13,6.25,1.19,0.30,0.09,0.09,1.00,0.00
"859",0.06727,0.29235,0.22066,0.15426,0.26545,1.00,0.3750964725,0.3750964725,0.00,6.25,1.26,0.29,0.10,0.10,6.25,1.26,0.29,0.10,0.10,0.00,0.00
"860",0.35441,0.19893,0.14365,0.16836,0.13465,0.00,0.5755611646,0.5755611646,0.00,6.25,0.44,0.13,0.09,0.05,6.25,0.44,0.13,0.09,0.05,0.00,0.00
"861",0.27793,0.04086,0.31564,0.12286,0.24271,1.00,0.5057326041,0.4991036244,1.00,6.25,0.08,0.39,0.07,0.09,6.25,0.30,0.30,0.09,0.09,2.00,0.00
"862",0.35338,0.11561,0.08014,0.25889,0.19198,1.00,0.5605494452,0.5589931657,1.00,6.25,0.24,0.08,0.17,0.07,6.25,0.24,0.14,0.14,0.07,1.00,0.00
"863",0.40746,0.15631,0.30458,0.11353,0.01812,1.00,0.6427861430,0.6427861430,0.00,6.25,0.29,0.27,0.05,0.00,6.25,0.29,0.27,0.05,0.00,0.00,0.00
"864",0.07235,0.09708,0.36835,0.21280,0.24941,1.00,0.3473972211,0.3473972211,0.00,6.25,0.83,0.52,0.15,0.10,6.25,0.83,0.52,0.15,0.10,0.00,0.00
"865",0.22924,0.15114,0.19428,0.36794,0.05739,1.00,0.4753011224,0.4753011224,0.00,6.25,0.51,0.25,0.20,0.01,6.25,0.51,0.25,0.20,0.01,0.00,0.00
"866",0.00220,0.41068,0.20514,0.17389,0.20808,0.00,0.3682107306,0.3682107306,0.00,6.25,1.55,0.25,0.11,0.08,6.25,1.55,0.25,0.11,0.08,0.00,0.00
"867",0.24174,0.30083,0.04343,0.26902,0.14499,1.00,0.5108600361,0.5051909544,1.00,6.25,0.80,0.03,0.16,0.05,6.25,0.80,0.11,0.11,0.05,1.00,0.00
"868",0.11493,0.24180,0.25280,0.15991,0.23056,1.00,0.3975610313,0.3975610313,0.00,6.25,1.02,0.32,0.10,0.09,6.25,1.02,0.32,0.10,0.09,0.00,0.00
"869",0.24854,0.35598,0.03261,0.35389,0.00898,1.00,0.5538461899,0.5434652510,1.00,6.25,0.86,0.01,0.19,0.00,6.25,0.86,0.12,0.12,0.00,1.00,0.00
"870",0.25634,0.05468,0.32937,0.26723,0.09237,1.00,0.4950437303,0.4911845162,1.00,6.25,0.14,0.40,0.15,0.03,6.25,0.33,0.33,0.15,0.03,1.00,0.00
"871",0.11212,0.25999,0.26313,0.34832,0.01644,0.00,0.4234161667,0.4234161667,0.00,6.25,1.06,0.32,0.18,0.00,6.25,1.06,0.32,0.18,0.00,0.00,0.00
"872",0.13636,0.23754,0.28682,0.12817,0.21112,1.00,0.4168111048,0.4167865660,1.00,6.25,0.94,0.34,0.07,0.08,6.25,0.94,0.34,0.08,0.08,1.00,0.00
"873",0.22873,0.03255,0.19963,0.19017,0.34891,1.00,0.4488610194,0.4448333686,1.00,6.25,0.08,0.34,0.15,0.13,6.25,0.25,0.25,0.15,0.13,1.00,0.00
"874",0.00410,0.28059,0.18307,0.26582,0.26642,0.00,0.3301029742,0.3301029742,0.00,6.25,1.54,0.30,0.19,0.10,6.25,1.54,0.30,0.19,0.10,0.00,0.00
"875",0.26852,0.29129,0.02836,0.24665,0.16518,1.00,0.5306545002,0.5233965712,1.00,6.25,0.73,0.01,0.15,0.06,6.25,0.73,0.10,0.10,0.06,1.00,0.00
"876",0.30772,0.25697,0.20186,0.10196,0.13148,1.00,0.5538615550,0.5538615550,0.00,6.25,0.61,0.19,0.05,0.05,6.25,0.61,0.19,0.05,0.05,0.00,0.00
"877",0.09531,0.29959,0.29132,0.31353,0.00025,0.00,0.4276009269,0.4276009269,0.00,6.25,1.16,0.33,0.16,0.00,6.25,1.16,0.33,0.16,0.00,0.00,0.00
"878",0.02937,0.21835,0.30518,0.16516,0.28193,1.00,0.3394567238,0.3394567238,0.00,6.25,1.37,0.43,0.12,0.11,6.25,1.37,0.43,0.12,0.11,0.00,0.00
"879",0.30856,0.09325,0.28056,0.17242,0.14521,1.00,0.5305395029,0.5299251585,1.00,6.25,0.22,0.32,0.10,0.05,6.25,0.29,0.29,0.10,0.05,1.00,0.00
"880",0.09815,0.32015,0.26456,0.03727,0.27987,1.00,0.4166529114,0.4109686092,1.00,6.25,1.17,0.30,0.01,0.11,6.25,1.17,0.30,0.07,0.07,1.00,0.00
"881",0.18196,0.25016,0.18018,0.20590,0.18180,0.00,0.4446472112,0.4446472112,0.00,6.25,0.84,0.21,0.13,0.07,6.25,0.84,0.21,0.13,0.07,0.00,0.00
"882",0.11167,0.29200,0.31719,0.12021,0.15892,1.00,0.4199249862,0.4199249862,0.00,6.25,1.10,0.34,0.06,0.06,6.25,1.10,0.34,0.06,0.06,0.00,0.00
"883",0.39910,0.18822,0.15366,0.07466,0.18435,1.00,0.6152883064,0.6143323293,1.00,6.25,0.37,0.13,0.03,0.07,6.25,0.37,0.13,0.05,0.05,1.00,0.00
"884",0.31413,0.01726,0.20287,0.25603,0.20971,1.00,0.5309341837,0.5221415574,1.00,6.25,0.02,0.29,0.17,0.08,6.25,0.18,0.18,0.17,0.08,1.00,0.00
"885",0.17535,0.26628,0.24366,0.06986,0.24485,1.00,0.4518606638,0.4497281211,1.00,6.25,0.88,0.27,0.03,0.10,6.25,0.88,0.27,0.07,0.07,1.00,0.00
"886",0.01546,0.18642,0.08891,0.33630,0.37291,1.00,0.3084635660,0.3083494470,1.00,6.25,1.44,0.22,0.26,0.14,6.25,1.44,0.26,0.26,0.14,1.00,0.00
"887",0.24075,0.21963,0.15445,0.17853,0.20664,0.00,0.4810883716,0.4810883716,0.00,6.25,0.65,0.17,0.11,0.08,6.25,0.65,0.17,0.11,0.08,0.00,0.00
"888",0.22858,0.35459,0.15204,0.18493,0.07986,0.00,0.5161494274,0.5161494274,0.00,6.25,0.89,0.13,0.10,0.02,6.25,0.89,0.13,0.10,0.02,0.00,0.00
"889",0.03798,0.15515,0.09747,0.38731,0.32208,1.00,0.3169161647,0.3168703400,1.00,6.25,1.24,0.25,0.28,0.12,6.25,1.24,0.27,0.27,0.12,1.00,0.00
"890",0.22876,0.18044,0.12464,0.23733,0.22882,1.00,0.4614147075,0.4614142391,1.00,6.25,0.59,0.16,0.16,0.09,6.25,0.59,0.16,0.16,0.09,1.00,0.00
"891",0.16874,0.28464,0.32233,0.20197,0.02232,0.00,0.4723548502,0.4723548502,0.00,6.25,0.93,0.32,0.10,0.00,6.25,0.93,0.32,0.10,0.00,0.00,0.00
"892",0.29992,0.01680,0.21292,0.21009,0.26027,1.00,0.5170229730,0.5078320770,1.00,6.25,0.02,0.31,0.15,0.10,6.25,0.20,0.20,0.15,0.10,1.00,0.00
"893",0.08081,0.35958,0.16820,0.33718,0.05423,1.00,0.4161007278,0.4161007278,0.00,6.25,1.26,0.20,0.19,0.01,6.25,1.26,0.20,0.19,0.01,0.00,0.00
"894",0.14803,0.22653,0.22744,0.17134,0.22666,1.00,0.4151201290,0.4151201290,0.00,6.25,0.89,0.29,0.11,0.09,6.25,0.89,0.29,0.11,0.09,0.00,0.00
"895",0.23214,0.18660,0.34965,0.22500,0.00662,1.00,0.5041778590,0.5041778590,0.00,6.25,0.59,0.35,0.11,0.00,6.25,0.59,0.35,0.11,0.00,0.00,0.00
"896",0.14381,0.18720,0.22517,0.38488,0.05894,1.00,0.4191299191,0.4191299191,0.00,6.25,0.82,0.31,0.21,0.01,6.25,0.82,0.31,0.21,0.01,0.00,0.00
"897",0.18537,0.07559,0.38472,0.30442,0.04990,1.00,0.4484337881,0.4476749137,1.00,6.25,0.32,0.46,0.17,0.01,6.25,0.43,0.43,0.17,0.01,1.00,0.00
"898",0.38342,0.20780,0.19643,0.13667,0.07568,0.00,0.6106748451,0.6106748451,0.00,6.25,0.42,0.17,0.07,0.02,6.25,0.42,0.17,0.07,0.02,0.00,0.00
"899",0.17515,0.14411,0.17668,0.17163,0.33243,1.00,0.4113378080,0.4113378080,0.00,6.25,0.60,0.27,0.13,0.13,6.25,0.60,0.27,0.13,0.13,0.00,0.00
"900",0.26061,0.17880,0.33680,0.09562,0.12818,1.00,0.5116450550,0.5116410508,1.00,6.25,0.52,0.34,0.04,0.04,6.25,0.52,0.34,0.04,0.04,1.00,0.00
"901",0.19263,0.13421,0.17722,0.26551,0.23042,0.00,0.4261579559,0.4261579559,0.00,6.25,0.53,0.27,0.18,0.09,6.25,0.53,0.27,0.18,0.09,0.00,0.00
"902",0.12210,0.12606,0.04901,0.34749,0.35534,1.00,0.3679522265,0.3652642714,1.00,6.25,0.71,0.10,0.27,0.13,6.25,0.71,0.23,0.23,0.13,1.00,0.00
"903",0.20865,0.01791,0.25217,0.50320,0.01808,1.00,0.4707243102,0.4625050765,1.00,6.25,0.03,0.41,0.25,0.00,6.25,0.30,0.30,0.25,0.00,1.00,0.00
"904",0.19141,0.03412,0.00699,0.40681,0.36067,1.00,0.4229187110,0.4118340961,1.00,6.25,0.11,0.01,0.30,0.14,6.25,0.22,0.22,0.22,0.14,1.00,0.00
"905",0.25508,0.21250,0.21399,0.06355,0.25488,1.00,0.4990450471,0.4963282880,1.00,6.25,0.61,0.23,0.03,0.10,6.25,0.61,0.23,0.07,0.07,1.00,0.00
"906",0.28708,0.00081,0.02529,0.33753,0.34930,1.00,0.5102921611,0.4938452961,1.00,6.25,0.00,0.03,0.26,0.13,6.25,0.15,0.15,0.15,0.13,2.00,0.00
"907",0.22579,0.26036,0.20125,0.23293,0.07967,0.00,0.4901002452,0.4901002452,0.00,6.25,0.76,0.21,0.13,0.02,6.25,0.76,0.21,0.13,0.02,0.00,0.00
"908",0.09700,0.22989,0.23200,0.25117,0.18994,0.00,0.3817340645,0.3817340645,0.00,6.25,1.07,0.32,0.16,0.07,6.25,1.07,0.32,0.16,0.07,0.00,0.00
"909",0.27753,0.13679,0.29202,0.08862,0.20504,1.00,0.5100863119,0.5093764296,1.00,6.25,0.39,0.32,0.04,0.08,6.25,0.39,0.32,0.06,0.06,1.00,0.00
"910",0.05132,0.05059,0.18287,0.36856,0.34666,1.00,0.3088591363,0.3088591363,0.00,6.25,0.69,0.49,0.27,0.13,6.25,0.69,0.49,0.27,0.13,0.00,0.00
"911",0.15686,0.27511,0.28124,0.08760,0.19919,1.00,0.4440008512,0.4433225472,1.00,6.25,0.95,0.30,0.04,0.08,6.25,0.95,0.30,0.06,0.06,1.00,0.00
"912",0.23388,0.35212,0.00726,0.37903,0.02772,1.00,0.5436611343,0.5270647272,1.00,6.25,0.88,0.00,0.20,0.00,6.25,0.88,0.13,0.13,0.00,1.00,0.00
"913",0.18722,0.00627,0.50746,0.25312,0.04592,1.00,0.4708366767,0.4552067565,1.00,6.25,0.01,0.55,0.14,0.01,6.25,0.45,0.45,0.14,0.01,1.00,0.00
"914",0.05106,0.37124,0.03630,0.35666,0.18475,1.00,0.3928933416,0.3853280170,1.00,6.25,1.37,0.03,0.22,0.07,6.25,1.37,0.17,0.17,0.07,1.00,0.00
"915",0.17908,0.22483,0.17408,0.11019,0.31182,1.00,0.4342242715,0.4334040681,1.00,6.25,0.80,0.22,0.07,0.12,6.25,0.80,0.22,0.10,0.10,1.00,0.00
"916",0.32736,0.32521,0.05360,0.28024,0.01359,1.00,0.6027672443,0.5973836066,1.00,6.25,0.69,0.03,0.15,0.00,6.25,0.69,0.10,0.10,0.00,1.00,0.00
"917",0.27255,0.16819,0.11058,0.30771,0.14097,1.00,0.5008411155,0.5002544469,1.00,6.25,0.48,0.13,0.19,0.05,6.25,0.48,0.17,0.17,0.05,1.00,0.00
"918",0.17582,0.12793,0.20192,0.30641,0.18792,0.00,0.4161868290,0.4161868290,0.00,6.25,0.55,0.31,0.20,0.07,6.25,0.55,0.31,0.20,0.07,0.00,0.00
"919",0.05280,0.32614,0.51360,0.07903,0.02843,0.00,0.4337001512,0.4337001512,0.00,6.25,1.34,0.45,0.03,0.00,6.25,1.34,0.45,0.03,0.00,0.00,0.00
"920",0.27413,0.30168,0.35836,0.06378,0.00205,0.00,0.5738191287,0.5738191287,0.00,6.25,0.74,0.29,0.02,0.00,6.25,0.74,0.29,0.02,0.00,0.00,0.00
"921",0.22198,0.17685,0.10498,0.25065,0.24554,1.00,0.4548407572,0.4546149535,1.00,6.25,0.59,0.14,0.17,0.10,6.25,0.59,0.16,0.16,0.10,1.00,0.00
"922",0.18910,0.25612,0.31693,0.13580,0.10206,0.00,0.4701321817,0.4701321817,0.00,6.25,0.83,0.32,0.07,0.03,6.25,0.83,0.32,0.07,0.03,0.00,0.00
"923",0.29172,0.08970,0.00799,0.43765,0.17293,1.00,0.5201718009,0.5056226819,1.00,6.25,0.23,0.00,0.26,0.07,6.25,0.23,0.19,0.19,0.07,1.00,0.00
"924",0.18594,0.10227,0.33150,0.26519,0.11510,1.00,0.4366474544,0.4366474544,0.00,6.25,0.43,0.42,0.16,0.04,6.25,0.43,0.42,0.16,0.04,0.00,0.00
"925",0.39513,0.09008,0.07071,0.30397,0.14011,1.00,0.6014142715,0.5983356895,1.00,6.25,0.15,0.06,0.18,0.05,6.25,0.15,0.14,0.14,0.05,1.00,0.00
"926",0.26098,0.23455,0.07381,0.28173,0.14894,1.00,0.5057755269,0.5032638055,1.00,6.25,0.65,0.07,0.17,0.05,6.25,0.65,0.14,0.14,0.05,1.00,0.00
"927",0.26341,0.08966,0.24670,0.26513,0.13509,1.00,0.4892876721,0.4890764767,1.00,6.25,0.26,0.32,0.16,0.05,6.25,0.30,0.30,0.16,0.05,1.00,0.00
"928",0.01317,0.29115,0.24350,0.39654,0.05564,0.00,0.3613031845,0.3613031845,0.00,6.25,1.49,0.35,0.22,0.01,6.25,1.49,0.35,0.22,0.01,0.00,0.00
"929",0.33340,0.28111,0.00822,0.05479,0.32248,1.00,0.5883964071,0.5762978553,1.00,6.25,0.62,0.00,0.03,0.12,6.25,0.62,0.07,0.07,0.07,2.00,0.00
"930",0.18442,0.09164,0.27096,0.17600,0.27699,1.00,0.4197922372,0.4197922372,0.00,6.25,0.39,0.39,0.12,0.11,6.25,0.39,0.39,0.12,0.11,0.00,0.00
"931",0.44172,0.10768,0.26882,0.17506,0.00672,1.00,0.6661163442,0.6654621987,1.00,6.25,0.17,0.25,0.08,0.00,6.25,0.22,0.22,0.08,0.00,1.00,0.00
"932",0.21902,0.08318,0.29063,0.18139,0.22577,1.00,0.4508204595,0.4504561024,1.00,6.25,0.29,0.38,0.12,0.09,6.25,0.36,0.36,0.12,0.09,1.00,0.00
"933",0.25252,0.23748,0.29523,0.07514,0.13964,1.00,0.5138881704,0.5135554713,1.00,6.25,0.67,0.29,0.03,0.05,6.25,0.67,0.29,0.04,0.04,1.00,0.00
"934",0.19099,0.17952,0.22505,0.20074,0.20370,0.00,0.4371169052,0.4371169052,0.00,6.25,0.67,0.29,0.13,0.08,6.25,0.67,0.29,0.13,0.08,0.00,0.00
"935",0.05896,0.35870,0.24670,0.09568,0.23997,1.00,0.3942227470,0.3933996345,1.00,6.25,1.33,0.28,0.05,0.09,6.25,1.33,0.28,0.08,0.08,1.00,0.00
"936",0.15163,0.05026,0.30726,0.41107,0.07978,1.00,0.4112036935,0.4097895221,1.00,6.25,0.25,0.47,0.23,0.02,6.25,0.42,0.42,0.23,0.02,1.00,0.00
"937",0.00434,0.40220,0.14930,0.26628,0.17787,1.00,0.3658502766,0.3658502766,0.00,6.25,1.55,0.19,0.17,0.07,6.25,1.55,0.19,0.17,0.07,0.00,0.00
"938",0.09942,0.22290,0.17618,0.41766,0.08385,1.00,0.3908869093,0.3908869093,0.00,6.25,1.04,0.27,0.23,0.02,6.25,1.04,0.27,0.23,0.02,0.00,0.00
"939",0.01104,0.06840,0.38694,0.10058,0.43304,1.00,0.3046058103,0.3031025351,1.00,6.25,1.34,0.61,0.08,0.16,6.25,1.34,0.61,0.14,0.14,1.00,0.00
"940",0.16382,0.27426,0.19575,0.05941,0.30675,1.00,0.4413613270,0.4375721732,1.00,6.25,0.93,0.23,0.03,0.12,6.25,0.93,0.23,0.09,0.09,1.00,0.00
"941",0.24940,0.07290,0.27243,0.22340,0.18186,1.00,0.4758202126,0.4747269158,1.00,6.25,0.21,0.36,0.14,0.07,6.25,0.32,0.32,0.14,0.07,1.00,0.00
"942",0.18225,0.25883,0.00436,0.29322,0.26133,1.00,0.4556607859,0.4426099022,1.00,6.25,0.85,0.00,0.21,0.10,6.25,0.85,0.13,0.13,0.10,1.00,0.00
"943",0.42525,0.27563,0.13615,0.15979,0.00318,0.00,0.6713340266,0.6713340266,0.00,6.25,0.50,0.09,0.07,0.00,6.25,0.50,0.09,0.07,0.00,0.00,0.00
"944",0.17526,0.29466,0.23378,0.12182,0.17448,1.00,0.4573378580,0.4573376617,1.00,6.25,0.93,0.25,0.07,0.07,6.25,0.93,0.25,0.07,0.07,1.00,0.00
"945",0.31683,0.13954,0.31273,0.00526,0.22565,1.00,0.5580352877,0.5492909763,1.00,6.25,0.34,0.31,0.00,0.09,6.25,0.34,0.31,0.05,0.05,1.00,0.00
"946",0.01081,0.38568,0.33596,0.08860,0.17895,1.00,0.3840489271,0.3836174223,1.00,6.25,1.52,0.36,0.04,0.07,6.25,1.52,0.36,0.06,0.06,1.00,0.00
"947",0.18212,0.24678,0.19988,0.08394,0.28728,1.00,0.4460021015,0.4441913194,1.00,6.25,0.83,0.24,0.05,0.11,6.25,0.83,0.24,0.09,0.09,1.00,0.00
"948",0.01167,0.34507,0.03622,0.20804,0.39901,1.00,0.3510091781,0.3473328965,1.00,6.25,1.51,0.04,0.18,0.15,6.25,1.51,0.14,0.14,0.14,1.00,0.00
"949",0.30312,0.15200,0.31666,0.16415,0.06407,1.00,0.5433357150,0.5433357150,0.00,6.25,0.39,0.32,0.08,0.02,6.25,0.39,0.32,0.08,0.02,0.00,0.00
"950",0.27284,0.03312,0.02254,0.37039,0.30111,1.00,0.4929428841,0.4824013601,1.00,6.25,0.06,0.02,0.26,0.12,6.25,0.18,0.18,0.18,0.12,1.00,0.00
"951",0.25033,0.35144,0.06151,0.11710,0.21963,1.00,0.5281322136,0.5270907446,1.00,6.25,0.85,0.04,0.07,0.09,6.25,0.85,0.07,0.07,0.07,2.00,0.00
"952",0.11699,0.00023,0.19746,0.30553,0.37980,1.00,0.3624145616,0.3528004326,1.00,6.25,0.00,0.48,0.25,0.14,6.25,0.36,0.36,0.25,0.14,1.00,0.00
"953",0.15993,0.14100,0.12403,0.32578,0.24926,1.00,0.4003779158,0.4003670735,1.00,6.25,0.64,0.21,0.22,0.10,6.25,0.64,0.22,0.22,0.10,1.00,0.00
"954",0.02990,0.46159,0.24359,0.00054,0.26439,1.00,0.4199543368,0.4088887400,1.00,6.25,1.47,0.25,0.00,0.10,6.25,1.47,0.25,0.06,0.06,1.00,0.00
"955",0.02358,0.35368,0.15364,0.02714,0.44196,1.00,0.3682513512,0.3593264251,1.00,6.25,1.46,0.21,0.01,0.16,6.25,1.46,0.21,0.12,0.12,1.00,0.00
"956",0.28854,0.14030,0.28794,0.10654,0.17667,1.00,0.5193610843,0.5192702984,1.00,6.25,0.38,0.31,0.05,0.07,6.25,0.38,0.31,0.06,0.06,1.00,0.00
"957",0.09954,0.16162,0.38988,0.25354,0.09542,0.00,0.3909430241,0.3909430241,0.00,6.25,0.91,0.46,0.14,0.03,6.25,0.91,0.46,0.14,0.03,0.00,0.00
"958",0.18821,0.27672,0.08429,0.10703,0.34376,1.00,0.4535337851,0.4522452828,1.00,6.25,0.87,0.09,0.07,0.13,6.25,0.87,0.11,0.11,0.11,1.00,0.00
"959",0.21426,0.09832,0.30276,0.25609,0.12858,1.00,0.4547215126,0.4546923661,1.00,6.25,0.36,0.38,0.15,0.05,6.25,0.38,0.38,0.15,0.05,1.00,0.00
"960",0.39713,0.18689,0.02832,0.29736,0.09029,1.00,0.6233822466,0.6142003378,1.00,6.25,0.37,0.01,0.17,0.03,6.25,0.37,0.11,0.11,0.03,1.00,0.00
"961",0.24827,0.27918,0.01574,0.33394,0.12288,1.00,0.5184947004,0.5060608945,1.00,6.25,0.75,0.00,0.20,0.04,6.25,0.75,0.13,0.13,0.04,1.00,0.00
"962",0.12701,0.13476,0.23605,0.30939,0.19279,0.00,0.3829989119,0.3829989119,0.00,6.25,0.72,0.37,0.20,0.07,6.25,0.72,0.37,0.20,0.07,0.00,0.00
"963",0.20449,0.14775,0.24228,0.24311,0.16237,0.00,0.4453126482,0.4453126482,0.00,6.25,0.55,0.32,0.15,0.06,6.25,0.55,0.32,0.15,0.06,0.00,0.00
"964",0.15018,0.13659,0.28718,0.16185,0.26420,1.00,0.4018176108,0.4018176108,0.00,6.25,0.65,0.39,0.11,0.10,6.25,0.65,0.39,0.11,0.10,0.00,0.00
"965",0.22097,0.14683,0.16687,0.22864,0.23669,0.00,0.4497155820,0.4497155820,0.00,6.25,0.51,0.23,0.16,0.09,6.25,0.51,0.23,0.16,0.09,0.00,0.00
"966",0.13935,0.00501,0.45445,0.18296,0.21823,1.00,0.4088534917,0.3966621945,1.00,6.25,0.01,0.57,0.12,0.08,6.25,0.48,0.48,0.12,0.08,1.00,0.00
"967",0.23081,0.23981,0.24721,0.08350,0.19867,1.00,0.4884925178,0.4876796960,1.00,6.25,0.71,0.26,0.04,0.08,6.25,0.71,0.26,0.06,0.06,1.00,0.00
"968",0.14284,0.19866,0.27684,0.12586,0.25580,1.00,0.4096967868,0.4095139235,1.00,6.25,0.85,0.35,0.08,0.10,6.25,0.85,0.35,0.09,0.09,1.00,0.00
"969",0.36385,0.17885,0.09132,0.31053,0.05545,1.00,0.5903854746,0.5883351339,1.00,6.25,0.38,0.08,0.17,0.01,6.25,0.38,0.14,0.14,0.01,1.00,0.00
"970",0.31473,0.05260,0.27908,0.17057,0.18302,1.00,0.5340171125,0.5296079251,1.00,6.25,0.10,0.34,0.10,0.07,6.25,0.26,0.26,0.10,0.07,1.00,0.00
"971",0.03485,0.27712,0.31025,0.06647,0.31130,1.00,0.3635101118,0.3602716170,1.00,6.25,1.38,0.39,0.04,0.12,6.25,1.38,0.39,0.09,0.09,1.00,0.00
"972",0.12743,0.32188,0.37914,0.16266,0.00890,0.00,0.4629137071,0.4629137071,0.00,6.25,1.09,0.36,0.08,0.00,6.25,1.09,0.36,0.08,0.00,0.00,0.00
"973",0.19521,0.32845,0.16594,0.25471,0.05568,1.00,0.4866069257,0.4866069257,0.00,6.25,0.93,0.16,0.14,0.01,6.25,0.93,0.16,0.14,0.01,0.00,0.00
"974",0.45035,0.14848,0.14532,0.02675,0.22910,1.00,0.6606069582,0.6548866606,1.00,6.25,0.25,0.12,0.01,0.09,6.25,0.25,0.12,0.05,0.05,1.00,0.00
"975",0.02398,0.33694,0.01952,0.29814,0.32142,1.00,0.3615972011,0.3531321229,1.00,6.25,1.46,0.01,0.22,0.12,6.25,1.46,0.16,0.16,0.12,1.00,0.00
"976",0.31915,0.06554,0.25672,0.14084,0.21775,1.00,0.5344609922,0.5320773638,1.00,6.25,0.13,0.31,0.09,0.08,6.25,0.25,0.25,0.09,0.08,1.00,0.00
"977",0.00332,0.06991,0.30294,0.17999,0.44384,1.00,0.2893127134,0.2893127134,0.00,6.25,1.49,0.59,0.17,0.16,6.25,1.49,0.59,0.17,0.16,0.00,0.00
"978",0.21196,0.02216,0.40085,0.08820,0.27683,1.00,0.4624477678,0.4508812128,1.00,6.25,0.05,0.49,0.05,0.11,6.25,0.39,0.39,0.09,0.09,2.00,0.00
"979",0.09074,0.26944,0.41673,0.01867,0.20442,1.00,0.4216013359,0.4156597063,1.00,6.25,1.14,0.42,0.00,0.08,6.25,1.14,0.42,0.04,0.04,1.00,0.00
"980",0.16923,0.22722,0.21828,0.28755,0.09772,0.00,0.4388112755,0.4388112755,0.00,6.25,0.83,0.27,0.17,0.03,6.25,0.83,0.27,0.17,0.03,0.00,0.00
"981",0.06862,0.44515,0.24149,0.12207,0.12267,0.00,0.4305569278,0.4305569278,0.00,6.25,1.35,0.24,0.06,0.04,6.25,1.35,0.24,0.06,0.04,0.00,0.00
"982",0.25774,0.14343,0.21189,0.23891,0.14803,0.00,0.4862076780,0.4862076780,0.00,6.25,0.43,0.26,0.14,0.05,6.25,0.43,0.26,0.14,0.05,0.00,0.00
"983",0.14792,0.11271,0.29734,0.22927,0.21276,1.00,0.3984235572,0.3984235572,0.00,6.25,0.57,0.42,0.15,0.08,6.25,0.57,0.42,0.15,0.08,0.00,0.00
"984",0.30162,0.05023,0.22402,0.12456,0.29958,1.00,0.5152175127,0.5116658429,1.00,6.25,0.10,0.30,0.08,0.12,6.25,0.23,0.23,0.10,0.10,2.00,0.00
"985",0.35133,0.09296,0.12964,0.01112,0.41495,1.00,0.5656516116,0.5537018667,1.00,6.25,0.19,0.15,0.00,0.15,6.25,0.19,0.15,0.11,0.11,1.00,0.00
"986",0.18315,0.27539,0.20803,0.23617,0.09725,0.00,0.4598554895,0.4598554895,0.00,6.25,0.88,0.23,0.13,0.03,6.25,0.88,0.23,0.13,0.03,0.00,0.00
"987",0.15125,0.07158,0.14922,0.19487,0.43308,1.00,0.3793584618,0.3793584618,0.00,6.25,0.37,0.31,0.18,0.16,6.25,0.37,0.31,0.18,0.16,0.00,0.00
"988",0.20559,0.00923,0.32832,0.17728,0.27957,1.00,0.4472648145,0.4345137991,1.00,6.25,0.01,0.47,0.13,0.11,6.25,0.35,0.35,0.13,0.11,1.00,0.00
"989",0.27093,0.35147,0.09958,0.14119,0.13682,1.00,0.5451698776,0.5451681200,1.00,6.25,0.81,0.07,0.08,0.05,6.25,0.81,0.07,0.07,0.05,1.00,0.00
"990",0.08199,0.03533,0.02132,0.38974,0.47162,1.00,0.3240115482,0.3214448140,1.00,6.25,0.33,0.09,0.33,0.17,6.25,0.33,0.30,0.30,0.17,1.00,0.00
"991",0.17664,0.30238,0.16020,0.25463,0.10616,1.00,0.4592704869,0.4592704869,0.00,6.25,0.94,0.17,0.15,0.03,6.25,0.94,0.17,0.15,0.03,0.00,0.00
"992",0.24792,0.10119,0.51379,0.02810,0.10899,1.00,0.5242278114,0.5216114496,1.00,6.25,0.32,0.46,0.01,0.04,6.25,0.43,0.43,0.02,0.02,2.00,0.00
"993",0.08676,0.17980,0.29380,0.19351,0.24614,0.00,0.3662079099,0.3662079099,0.00,6.25,1.01,0.41,0.13,0.10,6.25,1.01,0.41,0.13,0.10,0.00,0.00
"994",0.34160,0.06325,0.34910,0.21843,0.02762,1.00,0.5800867992,0.5751828387,1.00,6.25,0.11,0.36,0.11,0.00,6.25,0.29,0.29,0.11,0.00,1.00,0.00
"995",0.09248,0.08445,0.21499,0.32132,0.28675,1.00,0.3448275471,0.3448275471,0.00,6.25,0.65,0.43,0.23,0.11,6.25,0.65,0.43,0.23,0.11,0.00,0.00
"996",0.06278,0.40029,0.01510,0.07165,0.45018,1.00,0.4098636189,0.3989202404,1.00,6.25,1.34,0.01,0.05,0.16,6.25,1.34,0.11,0.11,0.11,2.00,0.00
"997",0.30202,0.28894,0.08261,0.03597,0.29045,1.00,0.5570600730,0.5509069969,1.00,6.25,0.67,0.06,0.01,0.11,6.25,0.67,0.07,0.07,0.07,1.00,0.00
"998",0.02724,0.00031,0.19554,0.46088,0.31602,1.00,0.2954922423,0.2923487285,1.00,6.25,0.00,0.63,0.31,0.12,6.25,0.58,0.58,0.31,0.12,1.00,0.00
"999",0.11232,0.02578,0.09521,0.34824,0.41844,1.00,0.3472820009,0.3465748408,1.00,6.25,0.15,0.32,0.29,0.15,6.25,0.28,0.28,0.28,0.15,1.00,0.00
"1000",0.00641,0.13705,0.39897,0.18378,0.27379,1.00,0.3179227328,0.3179227328,0.00,6.25,1.49,0.55,0.13,0.11,6.25,1.49,0.55,0.13,0.11,0.00,0.00

